iteration,number_of_points,new_sampled_point_observation,new_sampled_point,best_observation,best_point,number_of_improvement
0,21,791.2540283203125,"[-0.22976082563400269, -0.9765754342079163, -0.8970249891281128, 1.0, 0.1090775579214096, 0.9486966729164124, 0.521106481552124, 0.41358575224876404, 0.4205550253391266, -1.0]",791.2540283203125,"[[-0.22976082563400269, -0.9765754342079163, -0.8970249891281128, 1.0, 0.1090775579214096, 0.9486966729164124, 0.521106481552124, 0.41358575224876404, 0.4205550253391266, -1.0]]",1
1,22,680.9968872070312,"[0.3317880928516388, -0.3367665410041809, -0.40381187200546265, -0.9216804504394531, 0.6533310413360596, -0.8971068263053894, 0.7121480107307434, 0.9972072839736938, -0.7096602916717529, 0.22802479565143585]",680.9968872070312,"[[0.3317880928516388, -0.3367665410041809, -0.40381187200546265, -0.9216804504394531, 0.6533310413360596, -0.8971068263053894, 0.7121480107307434, 0.9972072839736938, -0.7096602916717529, 0.22802479565143585]]",2
2,23,1711.312255859375,"[0.9493816494941711, -0.7086778879165649, -0.2638930380344391, 0.9562524557113647, -1.0, -0.7922006845474243, 0.8906116485595703, -0.9509029388427734, -0.7721023559570312, 1.0]",680.9968872070312,"[[0.3317880928516388, -0.3367665410041809, -0.40381187200546265, -0.9216804504394531, 0.6533310413360596, -0.8971068263053894, 0.7121480107307434, 0.9972072839736938, -0.7096602916717529, 0.22802479565143585]]",2
3,24,717.1434936523438,"[-0.9757334589958191, 0.6632652282714844, 0.368497759103775, -0.04296401888132095, 0.7377316951751709, -0.29365789890289307, 0.7520692944526672, -0.9244800806045532, -0.4413895606994629, -0.9597897529602051]",680.9968872070312,"[[0.3317880928516388, -0.3367665410041809, -0.40381187200546265, -0.9216804504394531, 0.6533310413360596, -0.8971068263053894, 0.7121480107307434, 0.9972072839736938, -0.7096602916717529, 0.22802479565143585]]",2
4,25,577.1544189453125,"[0.9656336307525635, -0.6005771160125732, -0.4484834671020508, -0.7590348124504089, 0.9255902767181396, 1.0, 0.15344394743442535, -0.7860413789749146, 0.7696673274040222, 0.15682139992713928]",577.1544189453125,"[[0.9656336307525635, -0.6005771160125732, -0.4484834671020508, -0.7590348124504089, 0.9255902767181396, 1.0, 0.15344394743442535, -0.7860413789749146, 0.7696673274040222, 0.15682139992713928]]",3
5,26,775.7171630859375,"[-0.7097305655479431, 0.926763117313385, -0.7388529777526855, -0.9732071161270142, 0.8308767080307007, 0.5112708210945129, -0.6480894088745117, -0.41596153378486633, -0.360250860452652, 0.9633921980857849]",577.1544189453125,"[[0.9656336307525635, -0.6005771160125732, -0.4484834671020508, -0.7590348124504089, 0.9255902767181396, 1.0, 0.15344394743442535, -0.7860413789749146, 0.7696673274040222, 0.15682139992713928]]",3
6,27,686.1278686523438,"[0.14347626268863678, 0.4471466839313507, 1.0, 1.0, 0.2403225600719452, -0.6165462136268616, -0.7942962646484375, 0.6879303455352783, -0.9227453470230103, -0.39907440543174744]",577.1544189453125,"[[0.9656336307525635, -0.6005771160125732, -0.4484834671020508, -0.7590348124504089, 0.9255902767181396, 1.0, 0.15344394743442535, -0.7860413789749146, 0.7696673274040222, 0.15682139992713928]]",3
7,28,382.4042663574219,"[0.5533010363578796, 0.9738874435424805, -0.5181418061256409, -0.2366374433040619, -0.43380123376846313, -0.16661213338375092, 0.5371571779251099, 0.02053385227918625, 0.25389742851257324, -0.2805008292198181]",382.4042663574219,"[[0.5533010363578796, 0.9738874435424805, -0.5181418061256409, -0.2366374433040619, -0.43380123376846313, -0.16661213338375092, 0.5371571779251099, 0.02053385227918625, 0.25389742851257324, -0.2805008292198181]]",4
8,29,495.19146728515625,"[-0.6528977751731873, 0.4790211319923401, 0.5980423092842102, -0.6908283233642578, 0.7624242901802063, 0.07213855534791946, -0.7707812786102295, 0.8972272276878357, 0.9305582046508789, -0.734860897064209]",382.4042663574219,"[[0.5533010363578796, 0.9738874435424805, -0.5181418061256409, -0.2366374433040619, -0.43380123376846313, -0.16661213338375092, 0.5371571779251099, 0.02053385227918625, 0.25389742851257324, -0.2805008292198181]]",4
9,30,1203.5625,"[-0.8879719376564026, 0.761076807975769, 0.33938029408454895, -1.0, -0.9757896065711975, 0.43843692541122437, 0.8417075276374817, 0.6658400893211365, -0.9955198764801025, -0.9858120679855347]",382.4042663574219,"[[0.5533010363578796, 0.9738874435424805, -0.5181418061256409, -0.2366374433040619, -0.43380123376846313, -0.16661213338375092, 0.5371571779251099, 0.02053385227918625, 0.25389742851257324, -0.2805008292198181]]",4
10,31,373.7330322265625,"[-0.6886335611343384, 0.18860049545764923, -0.7417640089988708, 0.9796448349952698, 0.3913257122039795, -1.0, 0.4702787697315216, -0.29111629724502563, 0.6668014526367188, 0.8949703574180603]",373.7330322265625,"[[-0.6886335611343384, 0.18860049545764923, -0.7417640089988708, 0.9796448349952698, 0.3913257122039795, -1.0, 0.4702787697315216, -0.29111629724502563, 0.6668014526367188, 0.8949703574180603]]",5
11,32,368.33331298828125,"[-0.9981111884117126, 0.4970867931842804, 0.6131150126457214, 0.4101460576057434, -0.9613785147666931, 0.7506535053253174, -0.21673764288425446, -0.5687186121940613, -0.4309351444244385, 0.7239436507225037]",368.33331298828125,"[[-0.9981111884117126, 0.4970867931842804, 0.6131150126457214, 0.4101460576057434, -0.9613785147666931, 0.7506535053253174, -0.21673764288425446, -0.5687186121940613, -0.4309351444244385, 0.7239436507225037]]",6
12,33,668.4403076171875,"[0.654887855052948, -1.0, 1.0, 0.6279768943786621, -1.0, 0.5981040000915527, -0.25953933596611023, 0.5570785999298096, -0.9673780202865601, 1.0]",368.33331298828125,"[[-0.9981111884117126, 0.4970867931842804, 0.6131150126457214, 0.4101460576057434, -0.9613785147666931, 0.7506535053253174, -0.21673764288425446, -0.5687186121940613, -0.4309351444244385, 0.7239436507225037]]",6
13,34,1287.3721923828125,"[-1.0, -1.0, -0.19304504990577698, 1.0, 0.747948944568634, 0.9127450585365295, -0.47523632645606995, -1.0, -0.6878825426101685, 0.17902106046676636]",368.33331298828125,"[[-0.9981111884117126, 0.4970867931842804, 0.6131150126457214, 0.4101460576057434, -0.9613785147666931, 0.7506535053253174, -0.21673764288425446, -0.5687186121940613, -0.4309351444244385, 0.7239436507225037]]",6
14,35,1247.033935546875,"[0.8459548354148865, -0.4293493628501892, 0.4794277548789978, -0.4255567789077759, -0.5834000706672668, -1.0, -1.0, -0.8971107006072998, 0.9518601298332214, 0.23066648840904236]",368.33331298828125,"[[-0.9981111884117126, 0.4970867931842804, 0.6131150126457214, 0.4101460576057434, -0.9613785147666931, 0.7506535053253174, -0.21673764288425446, -0.5687186121940613, -0.4309351444244385, 0.7239436507225037]]",6
15,36,448.5514831542969,"[0.9282727241516113, 0.8618004322052002, 0.6367412209510803, 1.0, 0.861423134803772, -0.2528626024723053, 0.7483780384063721, -0.9211688041687012, 0.5137202143669128, -0.2648940980434418]",368.33331298828125,"[[-0.9981111884117126, 0.4970867931842804, 0.6131150126457214, 0.4101460576057434, -0.9613785147666931, 0.7506535053253174, -0.21673764288425446, -0.5687186121940613, -0.4309351444244385, 0.7239436507225037]]",6
16,37,714.7257080078125,"[-0.17815913259983063, 1.0, -1.0, 0.2345547080039978, -0.28558793663978577, -0.37808340787887573, -0.9287631511688232, 0.9637484550476074, 1.0, 0.9865518808364868]",368.33331298828125,"[[-0.9981111884117126, 0.4970867931842804, 0.6131150126457214, 0.4101460576057434, -0.9613785147666931, 0.7506535053253174, -0.21673764288425446, -0.5687186121940613, -0.4309351444244385, 0.7239436507225037]]",6
17,38,639.1038818359375,"[0.983880877494812, 0.46846532821655273, -0.7499542236328125, 0.13999101519584656, 0.01380722876638174, 1.0, -0.3078095614910126, 0.4871111810207367, -1.0, 0.28028005361557007]",368.33331298828125,"[[-0.9981111884117126, 0.4970867931842804, 0.6131150126457214, 0.4101460576057434, -0.9613785147666931, 0.7506535053253174, -0.21673764288425446, -0.5687186121940613, -0.4309351444244385, 0.7239436507225037]]",6
18,39,1062.224853515625,"[0.8249077200889587, -0.7070662975311279, 1.0, -0.8194053769111633, -1.0, 0.8023331761360168, 0.4799346327781677, 0.3312719464302063, 0.9158260226249695, -0.38881099224090576]",368.33331298828125,"[[-0.9981111884117126, 0.4970867931842804, 0.6131150126457214, 0.4101460576057434, -0.9613785147666931, 0.7506535053253174, -0.21673764288425446, -0.5687186121940613, -0.4309351444244385, 0.7239436507225037]]",6
19,40,649.2510986328125,"[0.19696743786334991, -0.5093508362770081, 1.0, 0.9792394042015076, 1.0, 0.802099883556366, -0.877534806728363, -0.19564419984817505, 0.9663646817207336, -0.2561344802379608]",368.33331298828125,"[[-0.9981111884117126, 0.4970867931842804, 0.6131150126457214, 0.4101460576057434, -0.9613785147666931, 0.7506535053253174, -0.21673764288425446, -0.5687186121940613, -0.4309351444244385, 0.7239436507225037]]",6
20,41,1238.0396728515625,"[0.9499032497406006, -0.8494912981987, -0.594624936580658, 0.4211457371711731, 0.9730093479156494, -0.8561140894889832, -0.6703382134437561, -0.1804269254207611, -1.0, 0.7175602912902832]",368.33331298828125,"[[-0.9981111884117126, 0.4970867931842804, 0.6131150126457214, 0.4101460576057434, -0.9613785147666931, 0.7506535053253174, -0.21673764288425446, -0.5687186121940613, -0.4309351444244385, 0.7239436507225037]]",6
21,42,714.664306640625,"[-0.7818383574485779, -0.8589221835136414, 0.7551464438438416, 0.41528430581092834, -1.0, -0.7881261706352234, 1.0, 1.0, 0.9621225595474243, 0.6070445775985718]",368.33331298828125,"[[-0.9981111884117126, 0.4970867931842804, 0.6131150126457214, 0.4101460576057434, -0.9613785147666931, 0.7506535053253174, -0.21673764288425446, -0.5687186121940613, -0.4309351444244385, 0.7239436507225037]]",6
22,43,1548.2928466796875,"[0.9391530156135559, 0.7767431139945984, 0.23507337272167206, -0.9023309946060181, -1.0, -1.0, -0.9010645151138306, 0.9983286261558533, -0.7709677815437317, 1.0]",368.33331298828125,"[[-0.9981111884117126, 0.4970867931842804, 0.6131150126457214, 0.4101460576057434, -0.9613785147666931, 0.7506535053253174, -0.21673764288425446, -0.5687186121940613, -0.4309351444244385, 0.7239436507225037]]",6
23,44,540.019775390625,"[0.16505470871925354, -0.4733697474002838, 0.8129880428314209, 0.5042848587036133, 1.0, -0.5175331234931946, 0.8321435451507568, 1.0, 0.697956383228302, -0.6787381172180176]",368.33331298828125,"[[-0.9981111884117126, 0.4970867931842804, 0.6131150126457214, 0.4101460576057434, -0.9613785147666931, 0.7506535053253174, -0.21673764288425446, -0.5687186121940613, -0.4309351444244385, 0.7239436507225037]]",6
24,45,1072.576416015625,"[-0.9022854566574097, -0.20464161038398743, 0.922027051448822, -0.9113685488700867, 0.8986672163009644, 0.8954190611839294, -0.9438064694404602, -0.4144129157066345, -0.3815285563468933, -0.6139540076255798]",368.33331298828125,"[[-0.9981111884117126, 0.4970867931842804, 0.6131150126457214, 0.4101460576057434, -0.9613785147666931, 0.7506535053253174, -0.21673764288425446, -0.5687186121940613, -0.4309351444244385, 0.7239436507225037]]",6
25,46,865.871337890625,"[0.21354897320270538, -0.8716496825218201, -1.0, 0.5047862529754639, -1.0, 0.6072372794151306, 0.9800257682800293, -0.17803561687469482, 1.0, 1.0]",368.33331298828125,"[[-0.9981111884117126, 0.4970867931842804, 0.6131150126457214, 0.4101460576057434, -0.9613785147666931, 0.7506535053253174, -0.21673764288425446, -0.5687186121940613, -0.4309351444244385, 0.7239436507225037]]",6
26,47,1054.28857421875,"[-0.3597395420074463, 1.0, 0.908587634563446, -0.5380799174308777, -1.0, -0.8601305484771729, 0.8247644901275635, 0.731067419052124, 1.0, -0.5651537775993347]",368.33331298828125,"[[-0.9981111884117126, 0.4970867931842804, 0.6131150126457214, 0.4101460576057434, -0.9613785147666931, 0.7506535053253174, -0.21673764288425446, -0.5687186121940613, -0.4309351444244385, 0.7239436507225037]]",6
27,48,909.0073852539062,"[-0.43821054697036743, -0.912600040435791, -0.6825482249259949, -0.6881290674209595, -0.7688103914260864, 0.51157146692276, -0.8657965064048767, 0.39622828364372253, -0.2882881164550781, -0.8629144430160522]",368.33331298828125,"[[-0.9981111884117126, 0.4970867931842804, 0.6131150126457214, 0.4101460576057434, -0.9613785147666931, 0.7506535053253174, -0.21673764288425446, -0.5687186121940613, -0.4309351444244385, 0.7239436507225037]]",6
28,49,1038.361083984375,"[-0.7755841612815857, -0.09895861148834229, -0.44140663743019104, 1.0, -0.44924628734588623, -0.9235666990280151, -0.8828001618385315, 0.38994061946868896, 0.7889997959136963, -0.7710265517234802]",368.33331298828125,"[[-0.9981111884117126, 0.4970867931842804, 0.6131150126457214, 0.4101460576057434, -0.9613785147666931, 0.7506535053253174, -0.21673764288425446, -0.5687186121940613, -0.4309351444244385, 0.7239436507225037]]",6
29,50,510.3394775390625,"[-0.47911307215690613, 0.7498153448104858, -0.878725528717041, 0.7856142520904541, 0.8701171875, 0.29897117614746094, 0.6969218254089355, -0.5617190003395081, -0.5908864140510559, 0.633344292640686]",368.33331298828125,"[[-0.9981111884117126, 0.4970867931842804, 0.6131150126457214, 0.4101460576057434, -0.9613785147666931, 0.7506535053253174, -0.21673764288425446, -0.5687186121940613, -0.4309351444244385, 0.7239436507225037]]",6
30,51,756.387939453125,"[-0.15528956055641174, -0.8991289734840393, 0.7838795185089111, -0.6864194869995117, -0.19180598855018616, 0.042457595467567444, 0.9813550114631653, -0.4528135359287262, -1.0, 1.0]",368.33331298828125,"[[-0.9981111884117126, 0.4970867931842804, 0.6131150126457214, 0.4101460576057434, -0.9613785147666931, 0.7506535053253174, -0.21673764288425446, -0.5687186121940613, -0.4309351444244385, 0.7239436507225037]]",6
31,52,1217.98876953125,"[0.48318493366241455, -0.6695432662963867, -0.43775296211242676, -0.8944661617279053, 0.6410553455352783, 0.6552426815032959, -0.8908520936965942, -0.7671569585800171, -0.8618530035018921, -0.9427179098129272]",368.33331298828125,"[[-0.9981111884117126, 0.4970867931842804, 0.6131150126457214, 0.4101460576057434, -0.9613785147666931, 0.7506535053253174, -0.21673764288425446, -0.5687186121940613, -0.4309351444244385, 0.7239436507225037]]",6
32,53,548.2335815429688,"[-0.34689804911613464, 0.7860050201416016, 0.9403900504112244, -0.8009552955627441, 0.6665250658988953, -0.18473657965660095, 0.6406936049461365, -0.6165950298309326, 0.4552329182624817, 0.6239456534385681]",368.33331298828125,"[[-0.9981111884117126, 0.4970867931842804, 0.6131150126457214, 0.4101460576057434, -0.9613785147666931, 0.7506535053253174, -0.21673764288425446, -0.5687186121940613, -0.4309351444244385, 0.7239436507225037]]",6
33,54,522.3919677734375,"[0.9694045186042786, 1.0, 0.8649618625640869, 1.0, -0.5032039284706116, 0.9954130053520203, -0.12002407014369965, 0.2543811798095703, -0.005313629284501076, -0.9902727007865906]",368.33331298828125,"[[-0.9981111884117126, 0.4970867931842804, 0.6131150126457214, 0.4101460576057434, -0.9613785147666931, 0.7506535053253174, -0.21673764288425446, -0.5687186121940613, -0.4309351444244385, 0.7239436507225037]]",6
34,55,812.106201171875,"[0.9494323134422302, 0.2551460862159729, -0.9140489101409912, 1.0, 0.6384153366088867, 0.499660849571228, -1.0, -0.6594287753105164, 0.9318181872367859, -0.5109836459159851]",368.33331298828125,"[[-0.9981111884117126, 0.4970867931842804, 0.6131150126457214, 0.4101460576057434, -0.9613785147666931, 0.7506535053253174, -0.21673764288425446, -0.5687186121940613, -0.4309351444244385, 0.7239436507225037]]",6
35,56,425.4273681640625,"[-0.7133611440658569, -0.08983182907104492, 0.2780115604400635, -0.09470188617706299, 0.27345287799835205, -0.10162198543548584, -0.6548994779586792, -0.9794908761978149, 0.24596130847930908, 0.8410804271697998]",368.33331298828125,"[[-0.9981111884117126, 0.4970867931842804, 0.6131150126457214, 0.4101460576057434, -0.9613785147666931, 0.7506535053253174, -0.21673764288425446, -0.5687186121940613, -0.4309351444244385, 0.7239436507225037]]",6
36,57,952.70751953125,"[0.7309443950653076, 0.385420560836792, 0.711358904838562, 0.07294976711273193, -0.5702872276306152, 0.7721809148788452, -0.9040374755859375, -0.9917433261871338, -0.5611578226089478, 0.9633373022079468]",368.33331298828125,"[[-0.9981111884117126, 0.4970867931842804, 0.6131150126457214, 0.4101460576057434, -0.9613785147666931, 0.7506535053253174, -0.21673764288425446, -0.5687186121940613, -0.4309351444244385, 0.7239436507225037]]",6
37,58,645.0396118164062,"[0.4122953414916992, 0.5629229545593262, 1.0, -0.7731953263282776, 0.9968312382698059, 1.0, 0.5411099791526794, 0.9117127656936646, -0.41271814703941345, 0.7410695552825928]",368.33331298828125,"[[-0.9981111884117126, 0.4970867931842804, 0.6131150126457214, 0.4101460576057434, -0.9613785147666931, 0.7506535053253174, -0.21673764288425446, -0.5687186121940613, -0.4309351444244385, 0.7239436507225037]]",6
38,59,936.6187744140625,"[-0.766269326210022, 0.7770805358886719, -0.40620100498199463, -0.8934693336486816, -0.79325270652771, 0.8450983762741089, -0.8630313873291016, 0.8829091787338257, 0.954108715057373, -0.4746764898300171]",368.33331298828125,"[[-0.9981111884117126, 0.4970867931842804, 0.6131150126457214, 0.4101460576057434, -0.9613785147666931, 0.7506535053253174, -0.21673764288425446, -0.5687186121940613, -0.4309351444244385, 0.7239436507225037]]",6
39,60,300.8629150390625,"[-0.13038396835327148, -0.5848034620285034, -0.3553575277328491, -0.3394358158111572, -0.6280709505081177, 0.4907345771789551, -0.3816525936126709, 0.22479534149169922, -0.8571819067001343, 0.7035329341888428]",300.8629150390625,"[[-0.13038396835327148, -0.5848034620285034, -0.3553575277328491, -0.3394358158111572, -0.6280709505081177, 0.4907345771789551, -0.3816525936126709, 0.22479534149169922, -0.8571819067001343, 0.7035329341888428]]",7
40,61,1325.3017578125,"[1.0, -0.9429676532745361, -0.7280039191246033, -0.6552394032478333, 0.053607285022735596, -1.0, 0.7816637754440308, -1.0, 0.39081788063049316, -0.90019291639328]",300.8629150390625,"[[-0.13038396835327148, -0.5848034620285034, -0.3553575277328491, -0.3394358158111572, -0.6280709505081177, 0.4907345771789551, -0.3816525936126709, 0.22479534149169922, -0.8571819067001343, 0.7035329341888428]]",7
41,62,388.1789855957031,"[-0.8700664043426514, 0.7758407592773438, 0.19585907459259033, 0.8736934661865234, 0.2157076597213745, 0.7799979448318481, 0.8471176624298096, 0.21133077144622803, 0.7531633377075195, -0.5771893262863159]",300.8629150390625,"[[-0.13038396835327148, -0.5848034620285034, -0.3553575277328491, -0.3394358158111572, -0.6280709505081177, 0.4907345771789551, -0.3816525936126709, 0.22479534149169922, -0.8571819067001343, 0.7035329341888428]]",7
42,63,259.79083251953125,"[0.5727938413619995, 0.9543178081512451, 0.23472368717193604, 0.1541208028793335, -0.8178231716156006, 0.4768965244293213, 0.46542608737945557, -0.44872498512268066, 0.7753928899765015, 0.30124104022979736]",259.79083251953125,"[[0.5727938413619995, 0.9543178081512451, 0.23472368717193604, 0.1541208028793335, -0.8178231716156006, 0.4768965244293213, 0.46542608737945557, -0.44872498512268066, 0.7753928899765015, 0.30124104022979736]]",8
43,64,540.9871826171875,"[-0.3114272356033325, -0.847087025642395, -0.8906660079956055, 0.9799057245254517, 0.11662459373474121, -0.5897737741470337, 0.2923605442047119, -0.20330429077148438, 0.015579819679260254, -0.7647883892059326]",259.79083251953125,"[[0.5727938413619995, 0.9543178081512451, 0.23472368717193604, 0.1541208028793335, -0.8178231716156006, 0.4768965244293213, 0.46542608737945557, -0.44872498512268066, 0.7753928899765015, 0.30124104022979736]]",8
44,65,367.7037048339844,"[-0.7077062129974365, -0.6548168659210205, 0.6526036262512207, 0.829815149307251, 0.12389993667602539, 0.9113317728042603, 0.5291271209716797, -0.14574027061462402, -0.4509153366088867, -0.4363727569580078]",259.79083251953125,"[[0.5727938413619995, 0.9543178081512451, 0.23472368717193604, 0.1541208028793335, -0.8178231716156006, 0.4768965244293213, 0.46542608737945557, -0.44872498512268066, 0.7753928899765015, 0.30124104022979736]]",8
45,66,325.9627685546875,"[0.3981729745864868, -0.9387438297271729, 0.6885683536529541, 0.16303491592407227, 0.5658787488937378, -0.11345136165618896, 0.9660743474960327, 0.5535420179367065, 0.030167460441589355, 0.48968541622161865]",259.79083251953125,"[[0.5727938413619995, 0.9543178081512451, 0.23472368717193604, 0.1541208028793335, -0.8178231716156006, 0.4768965244293213, 0.46542608737945557, -0.44872498512268066, 0.7753928899765015, 0.30124104022979736]]",8
46,67,345.31878662109375,"[-0.4083390235900879, 0.45012617111206055, -0.18053817749023438, -0.41715335845947266, 0.06075012683868408, -0.5032068490982056, -0.404634952545166, -0.747596263885498, -0.35886871814727783, -0.572274923324585]",259.79083251953125,"[[0.5727938413619995, 0.9543178081512451, 0.23472368717193604, 0.1541208028793335, -0.8178231716156006, 0.4768965244293213, 0.46542608737945557, -0.44872498512268066, 0.7753928899765015, 0.30124104022979736]]",8
47,68,719.8336791992188,"[-0.24898111820220947, 0.2924391031265259, 0.617013692855835, -0.43819737434387207, -0.2073974609375, -0.5756522417068481, -0.7277450561523438, -0.8297125101089478, -0.8914831876754761, 0.850406289100647]",259.79083251953125,"[[0.5727938413619995, 0.9543178081512451, 0.23472368717193604, 0.1541208028793335, -0.8178231716156006, 0.4768965244293213, 0.46542608737945557, -0.44872498512268066, 0.7753928899765015, 0.30124104022979736]]",8
48,69,125.31484985351562,"[0.48821353912353516, 0.552809476852417, -0.14590799808502197, -0.35697007179260254, 0.44572901725769043, 0.30731332302093506, -0.3224250078201294, 0.5463320016860962, 0.04256784915924072, -0.4299283027648926]",125.31484985351562,"[[0.48821353912353516, 0.552809476852417, -0.14590799808502197, -0.35697007179260254, 0.44572901725769043, 0.30731332302093506, -0.3224250078201294, 0.5463320016860962, 0.04256784915924072, -0.4299283027648926]]",9
49,70,773.919677734375,"[0.2223067283630371, 0.9594591856002808, -0.620124340057373, -0.7656817436218262, -0.7342047691345215, 0.10845804214477539, 0.44991302490234375, 0.11563491821289062, 0.044431209564208984, 0.9833853244781494]",125.31484985351562,"[[0.48821353912353516, 0.552809476852417, -0.14590799808502197, -0.35697007179260254, 0.44572901725769043, 0.30731332302093506, -0.3224250078201294, 0.5463320016860962, 0.04256784915924072, -0.4299283027648926]]",9
50,71,365.7061767578125,"[0.974560022354126, -0.4375185966491699, 0.3235870599746704, 0.0637521743774414, 0.5138434171676636, -0.6119662523269653, -0.1601957082748413, 0.514309287071228, 0.4959005117416382, 0.08107209205627441]",125.31484985351562,"[[0.48821353912353516, 0.552809476852417, -0.14590799808502197, -0.35697007179260254, 0.44572901725769043, 0.30731332302093506, -0.3224250078201294, 0.5463320016860962, 0.04256784915924072, -0.4299283027648926]]",9
51,72,739.6069946289062,"[-0.5606917142868042, -0.6558341979980469, -0.5012651681900024, 0.7875356674194336, -0.12675178050994873, -0.8398275375366211, 0.8868745565414429, -0.7498869895935059, -0.19653677940368652, 0.9731897115707397]",125.31484985351562,"[[0.48821353912353516, 0.552809476852417, -0.14590799808502197, -0.35697007179260254, 0.44572901725769043, 0.30731332302093506, -0.3224250078201294, 0.5463320016860962, 0.04256784915924072, -0.4299283027648926]]",9
52,73,262.1471862792969,"[-0.15334653854370117, 0.3447924852371216, -0.39085888862609863, 0.5325487852096558, 0.12887859344482422, -0.23774921894073486, 0.836585283279419, 0.5884065628051758, -0.6662600040435791, -0.09249866008758545]",125.31484985351562,"[[0.48821353912353516, 0.552809476852417, -0.14590799808502197, -0.35697007179260254, 0.44572901725769043, 0.30731332302093506, -0.3224250078201294, 0.5463320016860962, 0.04256784915924072, -0.4299283027648926]]",9
53,74,742.4334716796875,"[-0.2429569959640503, -0.8337236642837524, -0.9320436716079712, -0.4612619876861572, 0.6070767641067505, -0.2676084041595459, -0.43170762062072754, -0.0658038854598999, -0.8426228761672974, 0.05783951282501221]",125.31484985351562,"[[0.48821353912353516, 0.552809476852417, -0.14590799808502197, -0.35697007179260254, 0.44572901725769043, 0.30731332302093506, -0.3224250078201294, 0.5463320016860962, 0.04256784915924072, -0.4299283027648926]]",9
54,75,265.259765625,"[0.08301997184753418, -0.5484941005706787, 0.016646146774291992, 0.8413883447647095, -0.24429607391357422, 0.52008056640625, -0.02129662036895752, 0.5001616477966309, 0.1500537395477295, -0.08752167224884033]",125.31484985351562,"[[0.48821353912353516, 0.552809476852417, -0.14590799808502197, -0.35697007179260254, 0.44572901725769043, 0.30731332302093506, -0.3224250078201294, 0.5463320016860962, 0.04256784915924072, -0.4299283027648926]]",9
55,76,303.2485656738281,"[0.35398411750793457, 0.17300188541412354, -0.06362485885620117, -0.06473219394683838, 0.5412358045578003, 0.5177507400512695, -0.834450364112854, -0.28531980514526367, 0.4934746026992798, -0.24437880516052246]",125.31484985351562,"[[0.48821353912353516, 0.552809476852417, -0.14590799808502197, -0.35697007179260254, 0.44572901725769043, 0.30731332302093506, -0.3224250078201294, 0.5463320016860962, 0.04256784915924072, -0.4299283027648926]]",9
56,77,754.8294677734375,"[0.5798503160476685, 0.7857766151428223, -0.7081634998321533, 0.5200358629226685, -0.9890276193618774, -0.25134193897247314, -0.7820742130279541, 0.08092927932739258, -0.7040646076202393, -0.41614532470703125]",125.31484985351562,"[[0.48821353912353516, 0.552809476852417, -0.14590799808502197, -0.35697007179260254, 0.44572901725769043, 0.30731332302093506, -0.3224250078201294, 0.5463320016860962, 0.04256784915924072, -0.4299283027648926]]",9
57,78,501.0659484863281,"[0.9538540840148926, -0.705329179763794, -0.2793724536895752, -0.310613751411438, 0.29000139236450195, 0.749637246131897, -0.06083118915557861, -0.3663160800933838, -0.33688509464263916, -0.4381229877471924]",125.31484985351562,"[[0.48821353912353516, 0.552809476852417, -0.14590799808502197, -0.35697007179260254, 0.44572901725769043, 0.30731332302093506, -0.3224250078201294, 0.5463320016860962, 0.04256784915924072, -0.4299283027648926]]",9
58,79,562.5571899414062,"[-0.16572332382202148, -0.43232154846191406, 0.5002423524856567, -0.8324642181396484, -0.060173630714416504, 0.9569381475448608, 0.087821364402771, 0.11890971660614014, -0.8758118152618408, -0.2552710771560669]",125.31484985351562,"[[0.48821353912353516, 0.552809476852417, -0.14590799808502197, -0.35697007179260254, 0.44572901725769043, 0.30731332302093506, -0.3224250078201294, 0.5463320016860962, 0.04256784915924072, -0.4299283027648926]]",9
59,80,631.1882934570312,"[0.9160904884338379, 0.5111395120620728, -0.9707815647125244, -0.7082663774490356, 0.6903685331344604, -0.4859658479690552, -0.40578722953796387, -0.4536970853805542, 0.16501760482788086, -0.22165870666503906]",125.31484985351562,"[[0.48821353912353516, 0.552809476852417, -0.14590799808502197, -0.35697007179260254, 0.44572901725769043, 0.30731332302093506, -0.3224250078201294, 0.5463320016860962, 0.04256784915924072, -0.4299283027648926]]",9
60,81,339.5667724609375,"[0.8624613285064697, 0.8506674766540527, -0.5137592554092407, -0.12435436248779297, -0.5358589887619019, -0.40976858139038086, -0.003581404685974121, -0.1800171136856079, 0.4457743167877197, -0.5585062503814697]",125.31484985351562,"[[0.48821353912353516, 0.552809476852417, -0.14590799808502197, -0.35697007179260254, 0.44572901725769043, 0.30731332302093506, -0.3224250078201294, 0.5463320016860962, 0.04256784915924072, -0.4299283027648926]]",9
61,82,471.7301330566406,"[-0.8673709630966187, 0.8374446630477905, 0.08801817893981934, 0.8019225597381592, 0.24569451808929443, -0.4786034822463989, 0.11840033531188965, 0.9734445810317993, -0.1471172571182251, -0.9939486980438232]",125.31484985351562,"[[0.48821353912353516, 0.552809476852417, -0.14590799808502197, -0.35697007179260254, 0.44572901725769043, 0.30731332302093506, -0.3224250078201294, 0.5463320016860962, 0.04256784915924072, -0.4299283027648926]]",9
62,83,341.5296936035156,"[0.8276492357254028, -0.5684399604797363, 0.8093228340148926, 0.6783427000045776, 0.21619737148284912, 0.10574555397033691, 0.4504956007003784, 0.17265045642852783, 0.7873450517654419, -0.2319786548614502]",125.31484985351562,"[[0.48821353912353516, 0.552809476852417, -0.14590799808502197, -0.35697007179260254, 0.44572901725769043, 0.30731332302093506, -0.3224250078201294, 0.5463320016860962, 0.04256784915924072, -0.4299283027648926]]",9
63,84,1185.547119140625,"[-0.4085688591003418, 0.5280996561050415, 0.07333242893218994, 0.2655322551727295, 0.12189316749572754, -0.9375070333480835, -0.9541515111923218, -0.9514449834823608, -0.69989013671875, -0.566510796546936]",125.31484985351562,"[[0.48821353912353516, 0.552809476852417, -0.14590799808502197, -0.35697007179260254, 0.44572901725769043, 0.30731332302093506, -0.3224250078201294, 0.5463320016860962, 0.04256784915924072, -0.4299283027648926]]",9
64,85,402.83062744140625,"[0.6266525983810425, -0.4555933475494385, -0.9598464965820312, 0.217507004737854, -0.11029767990112305, -0.6721515655517578, 0.6793786287307739, 0.2254939079284668, 0.9024324417114258, 0.915581226348877]",125.31484985351562,"[[0.48821353912353516, 0.552809476852417, -0.14590799808502197, -0.35697007179260254, 0.44572901725769043, 0.30731332302093506, -0.3224250078201294, 0.5463320016860962, 0.04256784915924072, -0.4299283027648926]]",9
65,86,327.40606689453125,"[0.7599045038223267, -0.5973421335220337, 0.9866265058517456, 0.8060940504074097, 0.9315363168716431, 0.05861365795135498, -0.21566379070281982, 0.7660677433013916, 0.7116180658340454, 0.8262801170349121]",125.31484985351562,"[[0.48821353912353516, 0.552809476852417, -0.14590799808502197, -0.35697007179260254, 0.44572901725769043, 0.30731332302093506, -0.3224250078201294, 0.5463320016860962, 0.04256784915924072, -0.4299283027648926]]",9
66,87,896.37060546875,"[-0.7631821632385254, -0.49529874324798584, -0.9410196542739868, -0.4879720211029053, 0.5805103778839111, 0.09633505344390869, -0.9108153581619263, 0.012772321701049805, -0.689155101776123, -0.9900470972061157]",125.31484985351562,"[[0.48821353912353516, 0.552809476852417, -0.14590799808502197, -0.35697007179260254, 0.44572901725769043, 0.30731332302093506, -0.3224250078201294, 0.5463320016860962, 0.04256784915924072, -0.4299283027648926]]",9
67,88,685.9439697265625,"[-0.4801762104034424, 0.650483250617981, 0.8252801895141602, -0.9755675792694092, 0.09355354309082031, -0.07800555229187012, -0.7650405168533325, -0.6517207622528076, 0.26146483421325684, -0.7891660928726196]",125.31484985351562,"[[0.48821353912353516, 0.552809476852417, -0.14590799808502197, -0.35697007179260254, 0.44572901725769043, 0.30731332302093506, -0.3224250078201294, 0.5463320016860962, 0.04256784915924072, -0.4299283027648926]]",9
68,89,237.7904815673828,"[-0.25105810165405273, 0.10011124610900879, -0.44302070140838623, -0.7019975185394287, 0.23581254482269287, -0.23957204818725586, -0.4211028814315796, -0.7279971837997437, 0.641592264175415, 0.3465402126312256]",125.31484985351562,"[[0.48821353912353516, 0.552809476852417, -0.14590799808502197, -0.35697007179260254, 0.44572901725769043, 0.30731332302093506, -0.3224250078201294, 0.5463320016860962, 0.04256784915924072, -0.4299283027648926]]",9
69,90,351.9122314453125,"[0.5095330476760864, 0.15862655639648438, -0.8313119411468506, -0.2677173614501953, -0.6177961826324463, -0.21921348571777344, -0.04793703556060791, 0.2245502471923828, -0.0624924898147583, 0.9093708992004395]",125.31484985351562,"[[0.48821353912353516, 0.552809476852417, -0.14590799808502197, -0.35697007179260254, 0.44572901725769043, 0.30731332302093506, -0.3224250078201294, 0.5463320016860962, 0.04256784915924072, -0.4299283027648926]]",9
70,91,248.29608154296875,"[-0.15849363803863525, 0.990524172782898, 0.7607971429824829, -0.13659656047821045, 0.7492411136627197, 0.5901260375976562, 0.4318321943283081, 0.0014901161193847656, -0.588982105255127, 0.3375818729400635]",125.31484985351562,"[[0.48821353912353516, 0.552809476852417, -0.14590799808502197, -0.35697007179260254, 0.44572901725769043, 0.30731332302093506, -0.3224250078201294, 0.5463320016860962, 0.04256784915924072, -0.4299283027648926]]",9
71,92,364.1452331542969,"[-0.8467272520065308, -0.2632777690887451, -0.6966716051101685, 0.40955114364624023, -0.8695392608642578, 0.6877673864364624, 0.12745249271392822, -0.21542298793792725, -0.34250104427337646, 0.841431736946106]",125.31484985351562,"[[0.48821353912353516, 0.552809476852417, -0.14590799808502197, -0.35697007179260254, 0.44572901725769043, 0.30731332302093506, -0.3224250078201294, 0.5463320016860962, 0.04256784915924072, -0.4299283027648926]]",9
72,93,302.83038330078125,"[0.9435826539993286, -0.46571457386016846, -0.19898056983947754, 0.32921338081359863, 0.6405735015869141, 0.8895983695983887, 0.7428340911865234, 0.2423015832901001, -0.16672992706298828, -0.4292560815811157]",125.31484985351562,"[[0.48821353912353516, 0.552809476852417, -0.14590799808502197, -0.35697007179260254, 0.44572901725769043, 0.30731332302093506, -0.3224250078201294, 0.5463320016860962, 0.04256784915924072, -0.4299283027648926]]",9
73,94,235.80111694335938,"[-0.10799336433410645, 0.4875354766845703, 0.3119943141937256, -0.6820036172866821, 0.2836127281188965, 0.7925933599472046, 0.1504307985305786, -0.6527358293533325, -0.013105988502502441, 0.05585896968841553]",125.31484985351562,"[[0.48821353912353516, 0.552809476852417, -0.14590799808502197, -0.35697007179260254, 0.44572901725769043, 0.30731332302093506, -0.3224250078201294, 0.5463320016860962, 0.04256784915924072, -0.4299283027648926]]",9
74,95,266.02960205078125,"[0.39992451667785645, -0.14223837852478027, -0.9219391345977783, 0.2729949951171875, 0.16217827796936035, -0.40180087089538574, 0.21577990055084229, -0.4534142017364502, -0.6589605808258057, 0.30498194694519043]",125.31484985351562,"[[0.48821353912353516, 0.552809476852417, -0.14590799808502197, -0.35697007179260254, 0.44572901725769043, 0.30731332302093506, -0.3224250078201294, 0.5463320016860962, 0.04256784915924072, -0.4299283027648926]]",9
75,96,984.1767578125,"[0.9634907245635986, -0.41631829738616943, -0.48778700828552246, 0.8292900323867798, -0.992699384689331, -0.8083341121673584, 0.1341625452041626, 0.18151140213012695, 0.528254508972168, -0.4505317211151123]",125.31484985351562,"[[0.48821353912353516, 0.552809476852417, -0.14590799808502197, -0.35697007179260254, 0.44572901725769043, 0.30731332302093506, -0.3224250078201294, 0.5463320016860962, 0.04256784915924072, -0.4299283027648926]]",9
76,97,721.3165283203125,"[-0.10793852806091309, 0.13160490989685059, -0.7620365619659424, -0.8321284055709839, 0.012717604637145996, 0.8461647033691406, -0.9498568773269653, 0.7392356395721436, 0.26618170738220215, -0.5606482028961182]",125.31484985351562,"[[0.48821353912353516, 0.552809476852417, -0.14590799808502197, -0.35697007179260254, 0.44572901725769043, 0.30731332302093506, -0.3224250078201294, 0.5463320016860962, 0.04256784915924072, -0.4299283027648926]]",9
77,98,212.1066131591797,"[-0.7356429100036621, 0.05041933059692383, -0.40073251724243164, 0.14911258220672607, -0.2664107084274292, 0.2679562568664551, 0.6543043851852417, -0.6186954975128174, 0.18657958507537842, 0.05036497116088867]",125.31484985351562,"[[0.48821353912353516, 0.552809476852417, -0.14590799808502197, -0.35697007179260254, 0.44572901725769043, 0.30731332302093506, -0.3224250078201294, 0.5463320016860962, 0.04256784915924072, -0.4299283027648926]]",9
78,99,293.0940856933594,"[-0.7489204406738281, 0.4569751024246216, -0.11181557178497314, 0.05590713024139404, 0.3487422466278076, -0.05497336387634277, 0.4609166383743286, -0.595685601234436, -0.928887128829956, 0.9980891942977905]",125.31484985351562,"[[0.48821353912353516, 0.552809476852417, -0.14590799808502197, -0.35697007179260254, 0.44572901725769043, 0.30731332302093506, -0.3224250078201294, 0.5463320016860962, 0.04256784915924072, -0.4299283027648926]]",9
79,100,524.6693115234375,"[-0.04237568378448486, -0.48130369186401367, 0.3733968734741211, -0.06186044216156006, -0.42056286334991455, -0.86275315284729, -0.5745707750320435, -0.4229785203933716, 0.5285297632217407, -0.7754476070404053]",125.31484985351562,"[[0.48821353912353516, 0.552809476852417, -0.14590799808502197, -0.35697007179260254, 0.44572901725769043, 0.30731332302093506, -0.3224250078201294, 0.5463320016860962, 0.04256784915924072, -0.4299283027648926]]",9
80,101,705.2827758789062,"[0.26580631732940674, 0.3768540620803833, -0.21922099590301514, 0.18716812133789062, -0.903754472732544, -0.7790108919143677, 0.22404396533966064, 0.9514729976654053, -0.5858761072158813, 0.08055615425109863]",125.31484985351562,"[[0.48821353912353516, 0.552809476852417, -0.14590799808502197, -0.35697007179260254, 0.44572901725769043, 0.30731332302093506, -0.3224250078201294, 0.5463320016860962, 0.04256784915924072, -0.4299283027648926]]",9
81,102,406.60418701171875,"[-0.8044694662094116, -0.49483776092529297, -0.16096913814544678, -0.413602352142334, 0.3755911588668823, 0.6196912527084351, -0.34245777130126953, 0.4956396818161011, -0.45580172538757324, -0.7058643102645874]",125.31484985351562,"[[0.48821353912353516, 0.552809476852417, -0.14590799808502197, -0.35697007179260254, 0.44572901725769043, 0.30731332302093506, -0.3224250078201294, 0.5463320016860962, 0.04256784915924072, -0.4299283027648926]]",9
82,103,650.0708618164062,"[0.33589649200439453, -0.8921473026275635, 0.6325042247772217, -0.982946515083313, -0.37004029750823975, -0.22077977657318115, 0.8618640899658203, 0.11255812644958496, -0.13729143142700195, 0.6680411100387573]",125.31484985351562,"[[0.48821353912353516, 0.552809476852417, -0.14590799808502197, -0.35697007179260254, 0.44572901725769043, 0.30731332302093506, -0.3224250078201294, 0.5463320016860962, 0.04256784915924072, -0.4299283027648926]]",9
83,104,538.4310302734375,"[0.6230366230010986, 0.810100793838501, -0.6827155351638794, 0.6954926252365112, 0.9316494464874268, -0.004765629768371582, -0.532636284828186, 0.6569081544876099, -0.4574631452560425, -0.8385473489761353]",125.31484985351562,"[[0.48821353912353516, 0.552809476852417, -0.14590799808502197, -0.35697007179260254, 0.44572901725769043, 0.30731332302093506, -0.3224250078201294, 0.5463320016860962, 0.04256784915924072, -0.4299283027648926]]",9
84,105,850.305419921875,"[-0.22564923763275146, -0.9696868658065796, 0.408902645111084, 0.7954291105270386, -0.36991727352142334, 0.9981024265289307, -0.8632198572158813, -0.17938435077667236, -0.7052537202835083, 0.6621054410934448]",125.31484985351562,"[[0.48821353912353516, 0.552809476852417, -0.14590799808502197, -0.35697007179260254, 0.44572901725769043, 0.30731332302093506, -0.3224250078201294, 0.5463320016860962, 0.04256784915924072, -0.4299283027648926]]",9
85,106,704.3426513671875,"[-0.20654582977294922, 0.5108621120452881, -0.26252758502960205, 0.32325446605682373, 0.3288249969482422, -0.6356463432312012, 0.3721507787704468, -0.6677134037017822, -0.9572646617889404, -0.8509124517440796]",125.31484985351562,"[[0.48821353912353516, 0.552809476852417, -0.14590799808502197, -0.35697007179260254, 0.44572901725769043, 0.30731332302093506, -0.3224250078201294, 0.5463320016860962, 0.04256784915924072, -0.4299283027648926]]",9
86,107,1051.9833984375,"[0.07046663761138916, 0.3052459955215454, 0.9946364164352417, 0.9279128313064575, 0.3434962034225464, -0.9666469097137451, -0.5211971998214722, -0.9993717670440674, -0.7709958553314209, -0.4786738157272339]",125.31484985351562,"[[0.48821353912353516, 0.552809476852417, -0.14590799808502197, -0.35697007179260254, 0.44572901725769043, 0.30731332302093506, -0.3224250078201294, 0.5463320016860962, 0.04256784915924072, -0.4299283027648926]]",9
87,108,790.8175048828125,"[0.17614984512329102, 0.9317574501037598, 0.5899670124053955, -0.7640107870101929, -0.9949884414672852, 0.8809864521026611, -0.45062971115112305, -0.6864994764328003, -0.2241823673248291, -0.5451148748397827]",125.31484985351562,"[[0.48821353912353516, 0.552809476852417, -0.14590799808502197, -0.35697007179260254, 0.44572901725769043, 0.30731332302093506, -0.3224250078201294, 0.5463320016860962, 0.04256784915924072, -0.4299283027648926]]",9
88,109,700.4939575195312,"[-0.39882922172546387, -0.3569145202636719, 0.7852308750152588, 0.9768321514129639, 0.9567552804946899, -0.9991651773452759, -0.4370659589767456, 0.22846603393554688, 0.4324197769165039, 0.6297402381896973]",125.31484985351562,"[[0.48821353912353516, 0.552809476852417, -0.14590799808502197, -0.35697007179260254, 0.44572901725769043, 0.30731332302093506, -0.3224250078201294, 0.5463320016860962, 0.04256784915924072, -0.4299283027648926]]",9
89,110,475.0515441894531,"[-0.8045963048934937, 0.34700727462768555, 0.6083743572235107, 0.4829871654510498, -0.16861557960510254, -0.8506157398223877, 0.005292296409606934, 0.8818553686141968, 0.970515251159668, -0.4882239103317261]",125.31484985351562,"[[0.48821353912353516, 0.552809476852417, -0.14590799808502197, -0.35697007179260254, 0.44572901725769043, 0.30731332302093506, -0.3224250078201294, 0.5463320016860962, 0.04256784915924072, -0.4299283027648926]]",9
90,111,305.7310791015625,"[0.8801432847976685, -0.21720147132873535, -0.3829532861709595, -0.3441537618637085, -0.3739689588546753, -0.4356738328933716, -0.6510288715362549, 0.5953195095062256, 0.13857507705688477, 0.4228259325027466]",125.31484985351562,"[[0.48821353912353516, 0.552809476852417, -0.14590799808502197, -0.35697007179260254, 0.44572901725769043, 0.30731332302093506, -0.3224250078201294, 0.5463320016860962, 0.04256784915924072, -0.4299283027648926]]",9
91,112,379.19403076171875,"[-0.7057774066925049, 0.4731473922729492, 0.3413602113723755, -0.5847666263580322, -0.707496166229248, 0.03649282455444336, 0.971426248550415, 0.33513331413269043, -0.14782965183258057, 0.7092558145523071]",125.31484985351562,"[[0.48821353912353516, 0.552809476852417, -0.14590799808502197, -0.35697007179260254, 0.44572901725769043, 0.30731332302093506, -0.3224250078201294, 0.5463320016860962, 0.04256784915924072, -0.4299283027648926]]",9
92,113,657.4763793945312,"[-0.8529331684112549, -0.8609154224395752, 0.04272472858428955, 0.6603380441665649, -0.5579917430877686, 0.7255403995513916, -0.584460973739624, -0.0017554759979248047, -0.38265788555145264, 0.7064274549484253]",125.31484985351562,"[[0.48821353912353516, 0.552809476852417, -0.14590799808502197, -0.35697007179260254, 0.44572901725769043, 0.30731332302093506, -0.3224250078201294, 0.5463320016860962, 0.04256784915924072, -0.4299283027648926]]",9
93,114,249.82066345214844,"[0.018308162689208984, 0.04665100574493408, 0.21184122562408447, -0.5131876468658447, 0.31611204147338867, 0.04035067558288574, 0.974699854850769, 0.5476789474487305, 0.3370300531387329, -0.864222526550293]",125.31484985351562,"[[0.48821353912353516, 0.552809476852417, -0.14590799808502197, -0.35697007179260254, 0.44572901725769043, 0.30731332302093506, -0.3224250078201294, 0.5463320016860962, 0.04256784915924072, -0.4299283027648926]]",9
94,115,824.126953125,"[-0.3140139579772949, -0.22062182426452637, -0.3108867406845093, -0.9276193380355835, -0.7738209962844849, -0.5451492071151733, 0.9466503858566284, 0.09780406951904297, 0.4981272220611572, -0.9891226291656494]",125.31484985351562,"[[0.48821353912353516, 0.552809476852417, -0.14590799808502197, -0.35697007179260254, 0.44572901725769043, 0.30731332302093506, -0.3224250078201294, 0.5463320016860962, 0.04256784915924072, -0.4299283027648926]]",9
95,116,406.8315734863281,"[-0.6939873695373535, 0.6250525712966919, -0.5542629957199097, -0.7792372703552246, -0.03953421115875244, -0.23594987392425537, -0.49135565757751465, -0.6705824136734009, 0.8786735534667969, 0.6226382255554199]",125.31484985351562,"[[0.48821353912353516, 0.552809476852417, -0.14590799808502197, -0.35697007179260254, 0.44572901725769043, 0.30731332302093506, -0.3224250078201294, 0.5463320016860962, 0.04256784915924072, -0.4299283027648926]]",9
96,117,885.4393920898438,"[0.45607638359069824, -0.592476487159729, -0.44184672832489014, 0.8413034677505493, -0.6471627950668335, -0.21186959743499756, 0.2991141080856323, 0.9736160039901733, -0.8262403011322021, -0.21751022338867188]",125.31484985351562,"[[0.48821353912353516, 0.552809476852417, -0.14590799808502197, -0.35697007179260254, 0.44572901725769043, 0.30731332302093506, -0.3224250078201294, 0.5463320016860962, 0.04256784915924072, -0.4299283027648926]]",9
97,118,738.7640991210938,"[0.2578575611114502, 0.5725802183151245, -0.35545289516448975, -0.8361362218856812, 0.24262559413909912, -0.9668748378753662, -0.9942755699157715, 0.8690570592880249, 0.20487236976623535, 0.5793765783309937]",125.31484985351562,"[[0.48821353912353516, 0.552809476852417, -0.14590799808502197, -0.35697007179260254, 0.44572901725769043, 0.30731332302093506, -0.3224250078201294, 0.5463320016860962, 0.04256784915924072, -0.4299283027648926]]",9
98,119,349.4644470214844,"[-0.191228985786438, 0.30699872970581055, -0.9336370229721069, 0.1228407621383667, 0.011175155639648438, -0.6414183378219604, 0.7298132181167603, 0.5896972417831421, -0.18113934993743896, 0.9767758846282959]",125.31484985351562,"[[0.48821353912353516, 0.552809476852417, -0.14590799808502197, -0.35697007179260254, 0.44572901725769043, 0.30731332302093506, -0.3224250078201294, 0.5463320016860962, 0.04256784915924072, -0.4299283027648926]]",9
99,120,814.6182861328125,"[0.21788859367370605, -0.17184698581695557, 0.7725688219070435, 0.09373390674591064, 0.8972485065460205, -0.362856388092041, 0.635797381401062, -0.8952778577804565, -0.8178695440292358, -0.006807088851928711]",125.31484985351562,"[[0.48821353912353516, 0.552809476852417, -0.14590799808502197, -0.35697007179260254, 0.44572901725769043, 0.30731332302093506, -0.3224250078201294, 0.5463320016860962, 0.04256784915924072, -0.4299283027648926]]",9
100,121,958.4865112304688,"[-0.8248876333236694, -0.8886475563049316, 0.7266638278961182, -0.9619263410568237, 0.04699671268463135, -0.4060404300689697, -0.37850630283355713, 0.9939043521881104, -0.630300760269165, 0.7724729776382446]",125.31484985351562,"[[0.48821353912353516, 0.552809476852417, -0.14590799808502197, -0.35697007179260254, 0.44572901725769043, 0.30731332302093506, -0.3224250078201294, 0.5463320016860962, 0.04256784915924072, -0.4299283027648926]]",9
101,122,334.78863525390625,"[0.38232922554016113, -0.3766958713531494, 0.5890473127365112, -0.7203470468521118, 0.7142637968063354, 0.941925048828125, 0.626489520072937, -0.7161568403244019, 0.8693244457244873, 0.7820433378219604]",125.31484985351562,"[[0.48821353912353516, 0.552809476852417, -0.14590799808502197, -0.35697007179260254, 0.44572901725769043, 0.30731332302093506, -0.3224250078201294, 0.5463320016860962, 0.04256784915924072, -0.4299283027648926]]",9
102,123,253.88819885253906,"[-0.15826845169067383, -0.7164928913116455, 0.14115607738494873, 0.4730445146560669, -0.17280185222625732, -0.8568062782287598, 0.33453547954559326, -0.5185668468475342, 0.19396650791168213, -0.023022174835205078]",125.31484985351562,"[[0.48821353912353516, 0.552809476852417, -0.14590799808502197, -0.35697007179260254, 0.44572901725769043, 0.30731332302093506, -0.3224250078201294, 0.5463320016860962, 0.04256784915924072, -0.4299283027648926]]",9
103,124,305.913818359375,"[0.058768510818481445, -0.7193710803985596, -0.3814927339553833, 0.3099890947341919, -0.6219677925109863, -0.4115591049194336, 0.5346008539199829, -0.08178603649139404, 0.3169635534286499, 0.3381260633468628]",125.31484985351562,"[[0.48821353912353516, 0.552809476852417, -0.14590799808502197, -0.35697007179260254, 0.44572901725769043, 0.30731332302093506, -0.3224250078201294, 0.5463320016860962, 0.04256784915924072, -0.4299283027648926]]",9
104,125,490.1826477050781,"[-0.7201014757156372, -0.38020145893096924, -0.046684980392456055, -0.6908141374588013, 0.5448812246322632, -0.6679421663284302, -0.5682147741317749, -0.7617342472076416, 0.5948195457458496, 0.8645718097686768]",125.31484985351562,"[[0.48821353912353516, 0.552809476852417, -0.14590799808502197, -0.35697007179260254, 0.44572901725769043, 0.30731332302093506, -0.3224250078201294, 0.5463320016860962, 0.04256784915924072, -0.4299283027648926]]",9
105,126,1009.0737915039062,"[0.6734956502914429, 0.28176891803741455, 0.44606220722198486, 0.9805387258529663, -0.8114022016525269, -0.9500397443771362, -0.7057482004165649, -0.057936787605285645, 0.264617919921875, 0.7742577791213989]",125.31484985351562,"[[0.48821353912353516, 0.552809476852417, -0.14590799808502197, -0.35697007179260254, 0.44572901725769043, 0.30731332302093506, -0.3224250078201294, 0.5463320016860962, 0.04256784915924072, -0.4299283027648926]]",9
106,127,665.9386596679688,"[0.10476851463317871, -0.02835690975189209, 0.9630955457687378, -0.6410515308380127, -0.9786057472229004, 0.7205232381820679, -0.3783087730407715, -0.24534296989440918, 0.5038129091262817, 0.34684765338897705]",125.31484985351562,"[[0.48821353912353516, 0.552809476852417, -0.14590799808502197, -0.35697007179260254, 0.44572901725769043, 0.30731332302093506, -0.3224250078201294, 0.5463320016860962, 0.04256784915924072, -0.4299283027648926]]",9
107,128,908.4983520507812,"[-0.5144656896591187, -0.8570016622543335, 0.20957589149475098, -0.9709888696670532, -0.7906692028045654, -0.9694727659225464, 0.9519989490509033, 0.6739175319671631, 0.9369628429412842, 0.16260504722595215]",125.31484985351562,"[[0.48821353912353516, 0.552809476852417, -0.14590799808502197, -0.35697007179260254, 0.44572901725769043, 0.30731332302093506, -0.3224250078201294, 0.5463320016860962, 0.04256784915924072, -0.4299283027648926]]",9
108,129,348.3534240722656,"[0.645171046257019, -0.26744842529296875, -0.2707688808441162, 0.7547755241394043, -0.4355884790420532, -0.47500455379486084, 0.3018777370452881, 0.6253377199172974, -0.34797680377960205, 0.33018267154693604]",125.31484985351562,"[[0.48821353912353516, 0.552809476852417, -0.14590799808502197, -0.35697007179260254, 0.44572901725769043, 0.30731332302093506, -0.3224250078201294, 0.5463320016860962, 0.04256784915924072, -0.4299283027648926]]",9
109,130,439.319091796875,"[0.8488264083862305, 0.6401729583740234, -0.15396368503570557, -0.4482574462890625, -0.6977659463882446, -0.38848161697387695, 0.9700295925140381, 0.9588658809661865, -0.30296361446380615, 0.16891396045684814]",125.31484985351562,"[[0.48821353912353516, 0.552809476852417, -0.14590799808502197, -0.35697007179260254, 0.44572901725769043, 0.30731332302093506, -0.3224250078201294, 0.5463320016860962, 0.04256784915924072, -0.4299283027648926]]",9
110,131,525.4801025390625,"[0.32929182052612305, 0.6897906064987183, -0.8460592031478882, -0.10663127899169922, 0.8881423473358154, 0.47988593578338623, -0.618869423866272, -0.3760608434677124, 0.4355093240737915, -0.1874614953994751]",125.31484985351562,"[[0.48821353912353516, 0.552809476852417, -0.14590799808502197, -0.35697007179260254, 0.44572901725769043, 0.30731332302093506, -0.3224250078201294, 0.5463320016860962, 0.04256784915924072, -0.4299283027648926]]",9
111,132,426.6900634765625,"[-0.16896355152130127, -0.9611543416976929, 0.9419741630554199, -0.021129369735717773, 0.045838117599487305, -0.49928486347198486, 0.7870930433273315, -0.5142911672592163, -0.1623004674911499, 0.5923810005187988]",125.31484985351562,"[[0.48821353912353516, 0.552809476852417, -0.14590799808502197, -0.35697007179260254, 0.44572901725769043, 0.30731332302093506, -0.3224250078201294, 0.5463320016860962, 0.04256784915924072, -0.4299283027648926]]",9
112,133,1070.4002685546875,"[0.9433592557907104, -0.9707541465759277, -0.537340521812439, -0.3869255781173706, 0.763576865196228, -0.7248523235321045, -0.4424149990081787, -0.6781494617462158, -0.32717716693878174, 0.20688772201538086]",125.31484985351562,"[[0.48821353912353516, 0.552809476852417, -0.14590799808502197, -0.35697007179260254, 0.44572901725769043, 0.30731332302093506, -0.3224250078201294, 0.5463320016860962, 0.04256784915924072, -0.4299283027648926]]",9
113,134,278.148193359375,"[0.34229373931884766, -0.2523990869522095, 0.38861536979675293, -0.8060911893844604, -0.034737586975097656, -0.48226022720336914, -0.1693171262741089, 0.1730504035949707, 0.015972495079040527, -0.7866010665893555]",125.31484985351562,"[[0.48821353912353516, 0.552809476852417, -0.14590799808502197, -0.35697007179260254, 0.44572901725769043, 0.30731332302093506, -0.3224250078201294, 0.5463320016860962, 0.04256784915924072, -0.4299283027648926]]",9
114,135,328.9477844238281,"[0.0198819637298584, 0.09784495830535889, 0.8644125461578369, -0.3548535108566284, -0.26344525814056396, -0.393298864364624, 0.019267797470092773, 0.4354456663131714, -0.3081930875778198, 0.7368818521499634]",125.31484985351562,"[[0.48821353912353516, 0.552809476852417, -0.14590799808502197, -0.35697007179260254, 0.44572901725769043, 0.30731332302093506, -0.3224250078201294, 0.5463320016860962, 0.04256784915924072, -0.4299283027648926]]",9
115,136,590.7650146484375,"[-0.7461402416229248, -0.9700335264205933, -0.18796348571777344, -0.24731755256652832, 0.07412827014923096, -0.14550626277923584, 0.46761131286621094, 0.4362630844116211, 0.9650806188583374, -0.1757267713546753]",125.31484985351562,"[[0.48821353912353516, 0.552809476852417, -0.14590799808502197, -0.35697007179260254, 0.44572901725769043, 0.30731332302093506, -0.3224250078201294, 0.5463320016860962, 0.04256784915924072, -0.4299283027648926]]",9
116,137,225.96046447753906,"[-0.1661306619644165, 0.36308205127716064, 0.7332448959350586, 0.002248525619506836, 0.4593402147293091, -0.7122668027877808, 0.18154358863830566, 0.45693719387054443, 0.044049620628356934, 0.20901596546173096]",125.31484985351562,"[[0.48821353912353516, 0.552809476852417, -0.14590799808502197, -0.35697007179260254, 0.44572901725769043, 0.30731332302093506, -0.3224250078201294, 0.5463320016860962, 0.04256784915924072, -0.4299283027648926]]",9
117,138,373.2027282714844,"[-0.8431674242019653, 0.2230592966079712, 0.2143005132675171, 0.5687772035598755, -0.15767836570739746, 0.6992683410644531, -0.8829221725463867, 0.786697506904602, 0.38784635066986084, -0.5348753929138184]",125.31484985351562,"[[0.48821353912353516, 0.552809476852417, -0.14590799808502197, -0.35697007179260254, 0.44572901725769043, 0.30731332302093506, -0.3224250078201294, 0.5463320016860962, 0.04256784915924072, -0.4299283027648926]]",9
118,139,695.892822265625,"[-0.8326873779296875, 0.7260535955429077, -0.40439724922180176, 0.4747055768966675, 0.9011176824569702, -0.835883378982544, -0.29627203941345215, -0.07921719551086426, 0.8213193416595459, -0.33513855934143066]",125.31484985351562,"[[0.48821353912353516, 0.552809476852417, -0.14590799808502197, -0.35697007179260254, 0.44572901725769043, 0.30731332302093506, -0.3224250078201294, 0.5463320016860962, 0.04256784915924072, -0.4299283027648926]]",9
119,140,633.3907470703125,"[0.08182954788208008, 0.684091329574585, 0.4364813566207886, -0.4333980083465576, -0.7323588132858276, -0.9302166700363159, 0.5591907501220703, 0.5197933912277222, -0.9666893482208252, 0.11142206192016602]",125.31484985351562,"[[0.48821353912353516, 0.552809476852417, -0.14590799808502197, -0.35697007179260254, 0.44572901725769043, 0.30731332302093506, -0.3224250078201294, 0.5463320016860962, 0.04256784915924072, -0.4299283027648926]]",9
120,141,434.4569091796875,"[-0.009258866310119629, 0.8760709762573242, 0.9005943536758423, 0.19557297229766846, -0.6936691999435425, -8.571147918701172e-05, 0.6203151941299438, -0.7536629438400269, 0.45951032638549805, -0.5824770927429199]",125.31484985351562,"[[0.48821353912353516, 0.552809476852417, -0.14590799808502197, -0.35697007179260254, 0.44572901725769043, 0.30731332302093506, -0.3224250078201294, 0.5463320016860962, 0.04256784915924072, -0.4299283027648926]]",9
121,142,493.2916564941406,"[-0.6384783983230591, -0.6522207260131836, 0.8830382823944092, 0.694361686706543, -0.17268049716949463, 0.8323848247528076, -0.5029000043869019, 0.41761159896850586, -0.6235682964324951, 0.9408878087997437]",125.31484985351562,"[[0.48821353912353516, 0.552809476852417, -0.14590799808502197, -0.35697007179260254, 0.44572901725769043, 0.30731332302093506, -0.3224250078201294, 0.5463320016860962, 0.04256784915924072, -0.4299283027648926]]",9
122,143,237.3855743408203,"[-0.19407033920288086, 0.4268958568572998, 0.47540271282196045, 0.11256575584411621, 0.1090933084487915, 0.5188087224960327, 0.26460373401641846, -0.6483067274093628, 0.9350355863571167, -0.1283881664276123]",125.31484985351562,"[[0.48821353912353516, 0.552809476852417, -0.14590799808502197, -0.35697007179260254, 0.44572901725769043, 0.30731332302093506, -0.3224250078201294, 0.5463320016860962, 0.04256784915924072, -0.4299283027648926]]",9
123,144,548.7348022460938,"[0.06723880767822266, -0.20789968967437744, 0.9075511693954468, -0.6450631618499756, 0.49230527877807617, 0.48747503757476807, 0.498443603515625, -0.6842473745346069, -0.5396050214767456, 0.9302283525466919]",125.31484985351562,"[[0.48821353912353516, 0.552809476852417, -0.14590799808502197, -0.35697007179260254, 0.44572901725769043, 0.30731332302093506, -0.3224250078201294, 0.5463320016860962, 0.04256784915924072, -0.4299283027648926]]",9
124,145,316.2596740722656,"[-0.931591272354126, -0.6582989692687988, 0.6753543615341187, 0.7562283277511597, 0.5401970148086548, -0.14536499977111816, 0.3085174560546875, -0.2727625370025635, 0.3311491012573242, -0.20914757251739502]",125.31484985351562,"[[0.48821353912353516, 0.552809476852417, -0.14590799808502197, -0.35697007179260254, 0.44572901725769043, 0.30731332302093506, -0.3224250078201294, 0.5463320016860962, 0.04256784915924072, -0.4299283027648926]]",9
125,146,376.8785400390625,"[-0.4252268075942993, 0.2712876796722412, -0.17328119277954102, -0.2056422233581543, 0.905569314956665, -0.30590760707855225, -0.14879250526428223, 0.37673890590667725, -0.9126747846603394, 0.3750903606414795]",125.31484985351562,"[[0.48821353912353516, 0.552809476852417, -0.14590799808502197, -0.35697007179260254, 0.44572901725769043, 0.30731332302093506, -0.3224250078201294, 0.5463320016860962, 0.04256784915924072, -0.4299283027648926]]",9
126,147,303.0312194824219,"[-0.6078320741653442, 0.02510201930999756, 0.2973567247390747, 0.7337530851364136, -0.3334231376647949, 0.6022075414657593, 0.763318657875061, -0.4195442199707031, 0.5292682647705078, 0.09806549549102783]",125.31484985351562,"[[0.48821353912353516, 0.552809476852417, -0.14590799808502197, -0.35697007179260254, 0.44572901725769043, 0.30731332302093506, -0.3224250078201294, 0.5463320016860962, 0.04256784915924072, -0.4299283027648926]]",9
127,148,847.6360473632812,"[-0.1045522689819336, 0.07819247245788574, 0.8792405128479004, -0.7866182327270508, -0.735945463180542, 0.7629317045211792, -0.7904393672943115, 0.2350093126296997, -0.640078067779541, -0.4419349431991577]",125.31484985351562,"[[0.48821353912353516, 0.552809476852417, -0.14590799808502197, -0.35697007179260254, 0.44572901725769043, 0.30731332302093506, -0.3224250078201294, 0.5463320016860962, 0.04256784915924072, -0.4299283027648926]]",9
128,149,509.81085205078125,"[0.5022622346878052, 0.7513458728790283, 0.916122555732727, 0.11497223377227783, 0.3006291389465332, -0.20489966869354248, 0.04237055778503418, 0.5179951190948486, -0.8275138139724731, -0.8927168846130371]",125.31484985351562,"[[0.48821353912353516, 0.552809476852417, -0.14590799808502197, -0.35697007179260254, 0.44572901725769043, 0.30731332302093506, -0.3224250078201294, 0.5463320016860962, 0.04256784915924072, -0.4299283027648926]]",9
129,150,1122.0238037109375,"[0.10854947566986084, -0.7074949741363525, -0.5567147731781006, -0.9170891046524048, -0.5139757394790649, -0.6416436433792114, -0.05529344081878662, 0.9605052471160889, -0.9996583461761475, 0.37171030044555664]",125.31484985351562,"[[0.48821353912353516, 0.552809476852417, -0.14590799808502197, -0.35697007179260254, 0.44572901725769043, 0.30731332302093506, -0.3224250078201294, 0.5463320016860962, 0.04256784915924072, -0.4299283027648926]]",9
130,151,361.33203125,"[0.4746978282928467, -0.18665337562561035, 0.019869208335876465, 0.6349819898605347, 0.9261343479156494, -0.5130370855331421, 0.3119313716888428, -0.23148632049560547, -0.23576045036315918, -0.7241040468215942]",125.31484985351562,"[[0.48821353912353516, 0.552809476852417, -0.14590799808502197, -0.35697007179260254, 0.44572901725769043, 0.30731332302093506, -0.3224250078201294, 0.5463320016860962, 0.04256784915924072, -0.4299283027648926]]",9
131,152,563.9127197265625,"[0.81383216381073, 0.46250009536743164, -0.557857871055603, -0.9157551527023315, 0.4849112033843994, -0.6311053037643433, 0.2650099992752075, 0.9020421504974365, 0.8040740489959717, -0.7001423835754395]",125.31484985351562,"[[0.48821353912353516, 0.552809476852417, -0.14590799808502197, -0.35697007179260254, 0.44572901725769043, 0.30731332302093506, -0.3224250078201294, 0.5463320016860962, 0.04256784915924072, -0.4299283027648926]]",9
132,153,843.478759765625,"[0.2662619352340698, 0.8706247806549072, -0.8971136808395386, -0.3859521150588989, -0.9694756269454956, -0.3367992639541626, -0.051006436347961426, -0.22657179832458496, -0.15084826946258545, 0.7154833078384399]",125.31484985351562,"[[0.48821353912353516, 0.552809476852417, -0.14590799808502197, -0.35697007179260254, 0.44572901725769043, 0.30731332302093506, -0.3224250078201294, 0.5463320016860962, 0.04256784915924072, -0.4299283027648926]]",9
133,154,380.0611572265625,"[0.5863019227981567, 0.3976665735244751, -0.036905884742736816, -0.17332088947296143, 0.9439901113510132, 0.33614444732666016, 0.8959082365036011, 0.6898125410079956, -0.784308671951294, 0.06287789344787598]",125.31484985351562,"[[0.48821353912353516, 0.552809476852417, -0.14590799808502197, -0.35697007179260254, 0.44572901725769043, 0.30731332302093506, -0.3224250078201294, 0.5463320016860962, 0.04256784915924072, -0.4299283027648926]]",9
134,155,387.12054443359375,"[0.377982497215271, 0.5558680295944214, -0.9046192169189453, 0.2624155282974243, 0.7930172681808472, 0.9389611482620239, 0.8218356370925903, -0.39685308933258057, 0.39402103424072266, 0.023337125778198242]",125.31484985351562,"[[0.48821353912353516, 0.552809476852417, -0.14590799808502197, -0.35697007179260254, 0.44572901725769043, 0.30731332302093506, -0.3224250078201294, 0.5463320016860962, 0.04256784915924072, -0.4299283027648926]]",9
135,156,354.5503845214844,"[-0.8527873754501343, -0.3079625368118286, -0.28692805767059326, -0.8169351816177368, 0.6099992990493774, -0.1148674488067627, 0.33323895931243896, -0.8604159355163574, 0.46970105171203613, 0.271858811378479]",125.31484985351562,"[[0.48821353912353516, 0.552809476852417, -0.14590799808502197, -0.35697007179260254, 0.44572901725769043, 0.30731332302093506, -0.3224250078201294, 0.5463320016860962, 0.04256784915924072, -0.4299283027648926]]",9
136,157,525.6603393554688,"[-0.3138037919998169, 0.9920533895492554, 0.2769317626953125, 0.48610663414001465, 0.38882339000701904, 0.836414098739624, 0.9207862615585327, 0.4997525215148926, 0.9897609949111938, -0.6166749000549316]",125.31484985351562,"[[0.48821353912353516, 0.552809476852417, -0.14590799808502197, -0.35697007179260254, 0.44572901725769043, 0.30731332302093506, -0.3224250078201294, 0.5463320016860962, 0.04256784915924072, -0.4299283027648926]]",9
137,158,1125.358154296875,"[0.9515471458435059, -0.9276275634765625, -0.42285382747650146, -0.20236527919769287, -0.3460719585418701, -0.039568305015563965, -0.6322587728500366, -0.9243021011352539, -0.7799603939056396, -0.34244680404663086]",125.31484985351562,"[[0.48821353912353516, 0.552809476852417, -0.14590799808502197, -0.35697007179260254, 0.44572901725769043, 0.30731332302093506, -0.3224250078201294, 0.5463320016860962, 0.04256784915924072, -0.4299283027648926]]",9
138,159,991.9552612304688,"[-0.7897547483444214, -0.9751672744750977, -0.8222355842590332, 0.7942162752151489, -0.17314600944519043, 0.00176239013671875, 0.7922468185424805, 0.05847787857055664, -0.7173348665237427, -0.8709404468536377]",125.31484985351562,"[[0.48821353912353516, 0.552809476852417, -0.14590799808502197, -0.35697007179260254, 0.44572901725769043, 0.30731332302093506, -0.3224250078201294, 0.5463320016860962, 0.04256784915924072, -0.4299283027648926]]",9
139,160,817.8776245117188,"[-0.27331531047821045, 0.5768266916275024, -0.9330859184265137, -0.2651960849761963, -0.32103776931762695, -0.8890320062637329, -0.11920201778411865, 0.662434458732605, -0.6388143301010132, -0.7420469522476196]",125.31484985351562,"[[0.48821353912353516, 0.552809476852417, -0.14590799808502197, -0.35697007179260254, 0.44572901725769043, 0.30731332302093506, -0.3224250078201294, 0.5463320016860962, 0.04256784915924072, -0.4299283027648926]]",9
140,161,250.0181884765625,"[-0.5750675201416016, 0.5578056573867798, -0.5005040168762207, -0.06091654300689697, 0.16421818733215332, 0.9488719701766968, 0.8486016988754272, 0.2689398527145386, -0.08412086963653564, -0.701124906539917]",125.31484985351562,"[[0.48821353912353516, 0.552809476852417, -0.14590799808502197, -0.35697007179260254, 0.44572901725769043, 0.30731332302093506, -0.3224250078201294, 0.5463320016860962, 0.04256784915924072, -0.4299283027648926]]",9
141,162,299.9879150390625,"[-0.9834893941879272, 0.0829613208770752, 0.372226357460022, -0.7564058303833008, 0.05374908447265625, -0.33591902256011963, 0.7588801383972168, 0.09591209888458252, -0.18071973323822021, -0.2572059631347656]",125.31484985351562,"[[0.48821353912353516, 0.552809476852417, -0.14590799808502197, -0.35697007179260254, 0.44572901725769043, 0.30731332302093506, -0.3224250078201294, 0.5463320016860962, 0.04256784915924072, -0.4299283027648926]]",9
142,163,503.6510009765625,"[0.7841129302978516, -0.9181274175643921, -0.05852389335632324, 0.3995332717895508, 0.43444252014160156, 0.8066293001174927, -0.002093195915222168, 0.6382780075073242, -0.17273855209350586, -0.06415653228759766]",125.31484985351562,"[[0.48821353912353516, 0.552809476852417, -0.14590799808502197, -0.35697007179260254, 0.44572901725769043, 0.30731332302093506, -0.3224250078201294, 0.5463320016860962, 0.04256784915924072, -0.4299283027648926]]",9
143,164,1125.9840087890625,"[0.12695276737213135, 0.7608646154403687, -0.6072039604187012, -0.1510244607925415, 0.9476240873336792, -0.9884473085403442, -0.10475492477416992, 0.9853872060775757, -0.4789639711380005, -0.29137122631073]",125.31484985351562,"[[0.48821353912353516, 0.552809476852417, -0.14590799808502197, -0.35697007179260254, 0.44572901725769043, 0.30731332302093506, -0.3224250078201294, 0.5463320016860962, 0.04256784915924072, -0.4299283027648926]]",9
144,165,656.3221435546875,"[-0.049181461334228516, -0.020267724990844727, 0.26224493980407715, 0.36191487312316895, 0.10168159008026123, -0.9821712970733643, -0.9112133979797363, -0.18981051445007324, -0.5155128240585327, -0.37186312675476074]",125.31484985351562,"[[0.48821353912353516, 0.552809476852417, -0.14590799808502197, -0.35697007179260254, 0.44572901725769043, 0.30731332302093506, -0.3224250078201294, 0.5463320016860962, 0.04256784915924072, -0.4299283027648926]]",9
145,166,480.2848205566406,"[-0.32866811752319336, 0.3064854145050049, -0.355273962020874, -0.5518844127655029, -0.2874412536621094, 0.350200891494751, -0.29493260383605957, -0.31721222400665283, -0.7769734859466553, -0.9521007537841797]",125.31484985351562,"[[0.48821353912353516, 0.552809476852417, -0.14590799808502197, -0.35697007179260254, 0.44572901725769043, 0.30731332302093506, -0.3224250078201294, 0.5463320016860962, 0.04256784915924072, -0.4299283027648926]]",9
146,167,395.4507751464844,"[-0.10183000564575195, 0.9202419519424438, 0.40018463134765625, -0.5253845453262329, 0.9787094593048096, 0.15460693836212158, 0.7002557516098022, -0.009538650512695312, -0.2559307813644409, 0.7526886463165283]",125.31484985351562,"[[0.48821353912353516, 0.552809476852417, -0.14590799808502197, -0.35697007179260254, 0.44572901725769043, 0.30731332302093506, -0.3224250078201294, 0.5463320016860962, 0.04256784915924072, -0.4299283027648926]]",9
147,168,419.18145751953125,"[0.24039137363433838, 0.9862217903137207, 0.7018979787826538, -0.1223301887512207, -0.9689223766326904, -0.02543032169342041, 0.3749481439590454, -0.19616389274597168, 0.7265563011169434, 0.12022459506988525]",125.31484985351562,"[[0.48821353912353516, 0.552809476852417, -0.14590799808502197, -0.35697007179260254, 0.44572901725769043, 0.30731332302093506, -0.3224250078201294, 0.5463320016860962, 0.04256784915924072, -0.4299283027648926]]",9
148,169,584.4317626953125,"[-0.6258620023727417, 0.8303769826889038, 0.674170732498169, -0.819331169128418, -0.4723212718963623, -0.03467714786529541, 0.16435623168945312, -0.677312970161438, 0.9816544055938721, -0.35170555114746094]",125.31484985351562,"[[0.48821353912353516, 0.552809476852417, -0.14590799808502197, -0.35697007179260254, 0.44572901725769043, 0.30731332302093506, -0.3224250078201294, 0.5463320016860962, 0.04256784915924072, -0.4299283027648926]]",9
149,170,397.09429931640625,"[0.1805880069732666, 0.6606043577194214, 0.32327091693878174, 0.5555427074432373, -0.6796956062316895, 0.8011236190795898, -0.08390486240386963, 0.7858846187591553, 0.9032288789749146, -0.18333077430725098]",125.31484985351562,"[[0.48821353912353516, 0.552809476852417, -0.14590799808502197, -0.35697007179260254, 0.44572901725769043, 0.30731332302093506, -0.3224250078201294, 0.5463320016860962, 0.04256784915924072, -0.4299283027648926]]",9
150,171,869.1920166015625,"[-0.05825328826904297, 0.25066590309143066, -0.9184691905975342, -0.6573183536529541, -0.923112154006958, -0.872814416885376, 0.45748937129974365, 0.7458480596542358, 0.807401180267334, 0.6014995574951172]",125.31484985351562,"[[0.48821353912353516, 0.552809476852417, -0.14590799808502197, -0.35697007179260254, 0.44572901725769043, 0.30731332302093506, -0.3224250078201294, 0.5463320016860962, 0.04256784915924072, -0.4299283027648926]]",9
151,172,766.3880615234375,"[0.9166110754013062, -0.691556453704834, -0.5914362668991089, -0.9108316898345947, -0.635046124458313, 0.49918103218078613, -0.1994088888168335, 0.10145223140716553, 0.062314629554748535, 0.27058327198028564]",125.31484985351562,"[[0.48821353912353516, 0.552809476852417, -0.14590799808502197, -0.35697007179260254, 0.44572901725769043, 0.30731332302093506, -0.3224250078201294, 0.5463320016860962, 0.04256784915924072, -0.4299283027648926]]",9
152,173,308.4420471191406,"[0.03839457035064697, 0.8374149799346924, 0.05288076400756836, 0.20526635646820068, 0.7214710712432861, 0.5924582481384277, 0.36734676361083984, -0.6053506135940552, -0.35511016845703125, -0.4335223436355591]",125.31484985351562,"[[0.48821353912353516, 0.552809476852417, -0.14590799808502197, -0.35697007179260254, 0.44572901725769043, 0.30731332302093506, -0.3224250078201294, 0.5463320016860962, 0.04256784915924072, -0.4299283027648926]]",9
153,174,360.8592529296875,"[-0.15360808372497559, -0.8420381546020508, 0.6542637348175049, 0.2135934829711914, -0.3682107925415039, 0.08672738075256348, 0.055149078369140625, 0.8379319906234741, -0.6430976390838623, 0.5124233961105347]",125.31484985351562,"[[0.48821353912353516, 0.552809476852417, -0.14590799808502197, -0.35697007179260254, 0.44572901725769043, 0.30731332302093506, -0.3224250078201294, 0.5463320016860962, 0.04256784915924072, -0.4299283027648926]]",9
154,175,679.6962890625,"[-0.3707101345062256, 0.19290852546691895, 0.5759319067001343, -0.9083157777786255, -0.6400909423828125, 0.9294836521148682, -0.6436870098114014, 0.1937258243560791, -0.23718678951263428, -0.056730031967163086]",125.31484985351562,"[[0.48821353912353516, 0.552809476852417, -0.14590799808502197, -0.35697007179260254, 0.44572901725769043, 0.30731332302093506, -0.3224250078201294, 0.5463320016860962, 0.04256784915924072, -0.4299283027648926]]",9
155,176,124.33265686035156,"[0.889104962348938, 0.30704784393310547, -0.34598708152770996, -0.4508622884750366, 0.12415552139282227, -0.35054993629455566, -0.2103879451751709, 0.09949219226837158, 0.3212927579879761, -0.10098373889923096]",124.33265686035156,"[[0.889104962348938, 0.30704784393310547, -0.34598708152770996, -0.4508622884750366, 0.12415552139282227, -0.35054993629455566, -0.2103879451751709, 0.09949219226837158, 0.3212927579879761, -0.10098373889923096]]",10
156,177,224.01295471191406,"[0.4733467102050781, -0.8909972906112671, 0.624535322189331, -0.08078742027282715, 0.08242881298065186, -0.08445394039154053, -0.146246075630188, -0.3242987394332886, -0.5006870031356812, -0.061359405517578125]",124.33265686035156,"[[0.889104962348938, 0.30704784393310547, -0.34598708152770996, -0.4508622884750366, 0.12415552139282227, -0.35054993629455566, -0.2103879451751709, 0.09949219226837158, 0.3212927579879761, -0.10098373889923096]]",10
157,178,702.0013427734375,"[-0.3898888826370239, 0.4461021423339844, -0.7472788095474243, -0.6005929708480835, 0.5856804847717285, -0.2957432270050049, -0.7136307954788208, -0.9446879625320435, -0.2340223789215088, 0.2338874340057373]",124.33265686035156,"[[0.889104962348938, 0.30704784393310547, -0.34598708152770996, -0.4508622884750366, 0.12415552139282227, -0.35054993629455566, -0.2103879451751709, 0.09949219226837158, 0.3212927579879761, -0.10098373889923096]]",10
158,179,279.5931091308594,"[0.007627367973327637, 0.35982680320739746, 0.5766768455505371, -0.6462899446487427, 0.7759262323379517, -0.23773014545440674, -0.43907594680786133, -0.33252549171447754, -0.06815087795257568, 0.1172257661819458]",124.33265686035156,"[[0.889104962348938, 0.30704784393310547, -0.34598708152770996, -0.4508622884750366, 0.12415552139282227, -0.35054993629455566, -0.2103879451751709, 0.09949219226837158, 0.3212927579879761, -0.10098373889923096]]",10
159,180,732.1807861328125,"[-0.6286771297454834, -0.5294442176818848, 0.3120536804199219, 0.9885940551757812, -0.5413544178009033, 0.8908787965774536, 0.8747482299804688, -0.6814166307449341, 0.47430121898651123, -0.6687326431274414]",124.33265686035156,"[[0.889104962348938, 0.30704784393310547, -0.34598708152770996, -0.4508622884750366, 0.12415552139282227, -0.35054993629455566, -0.2103879451751709, 0.09949219226837158, 0.3212927579879761, -0.10098373889923096]]",10
160,181,410.4554443359375,"[0.9027504920959473, -0.5655585527420044, -0.3921142816543579, -0.1147773265838623, 0.03396880626678467, 0.5914736986160278, -0.12153220176696777, -0.051865339279174805, 0.195550799369812, 0.9919573068618774]",124.33265686035156,"[[0.889104962348938, 0.30704784393310547, -0.34598708152770996, -0.4508622884750366, 0.12415552139282227, -0.35054993629455566, -0.2103879451751709, 0.09949219226837158, 0.3212927579879761, -0.10098373889923096]]",10
161,182,504.3015441894531,"[-0.561903715133667, -0.4220130443572998, -0.3090825080871582, -0.5577586889266968, -0.6152310371398926, -0.021762609481811523, -0.9100375175476074, 0.04520225524902344, -0.9912058115005493, 0.558332085609436]",124.33265686035156,"[[0.889104962348938, 0.30704784393310547, -0.34598708152770996, -0.4508622884750366, 0.12415552139282227, -0.35054993629455566, -0.2103879451751709, 0.09949219226837158, 0.3212927579879761, -0.10098373889923096]]",10
162,183,967.6978759765625,"[-0.5781998634338379, -0.9876999855041504, -0.5680859088897705, 0.870686411857605, 0.7120236158370972, -0.5386407375335693, -0.5450317859649658, -0.9622045755386353, 0.7998793125152588, -0.6545101404190063]",124.33265686035156,"[[0.889104962348938, 0.30704784393310547, -0.34598708152770996, -0.4508622884750366, 0.12415552139282227, -0.35054993629455566, -0.2103879451751709, 0.09949219226837158, 0.3212927579879761, -0.10098373889923096]]",10
163,184,315.3072509765625,"[-0.20316171646118164, -0.036446213722229004, 0.8077250719070435, 0.5737249851226807, -0.24653446674346924, 0.15480542182922363, 0.31305980682373047, -0.8071804046630859, -0.41063761711120605, 0.27702033519744873]",124.33265686035156,"[[0.889104962348938, 0.30704784393310547, -0.34598708152770996, -0.4508622884750366, 0.12415552139282227, -0.35054993629455566, -0.2103879451751709, 0.09949219226837158, 0.3212927579879761, -0.10098373889923096]]",10
164,185,276.8023681640625,"[0.011706709861755371, -0.45132458209991455, -0.28511834144592285, 0.6673223972320557, -0.3499765396118164, -0.3982815742492676, 0.8834495544433594, 0.5707674026489258, 0.9631434679031372, 0.8078233003616333]",124.33265686035156,"[[0.889104962348938, 0.30704784393310547, -0.34598708152770996, -0.4508622884750366, 0.12415552139282227, -0.35054993629455566, -0.2103879451751709, 0.09949219226837158, 0.3212927579879761, -0.10098373889923096]]",10
165,186,321.0343322753906,"[-0.5540177822113037, 0.142112135887146, -0.09685003757476807, -0.15987980365753174, 0.7865303754806519, 0.4412182569503784, -0.08355545997619629, 0.8811118602752686, -0.05901217460632324, -0.9489761590957642]",124.33265686035156,"[[0.889104962348938, 0.30704784393310547, -0.34598708152770996, -0.4508622884750366, 0.12415552139282227, -0.35054993629455566, -0.2103879451751709, 0.09949219226837158, 0.3212927579879761, -0.10098373889923096]]",10
166,187,487.5888977050781,"[-0.28163695335388184, 0.2442324161529541, -0.7733469009399414, -0.8224469423294067, 0.49829375743865967, -0.26693856716156006, 0.6799507141113281, -0.5165977478027344, 0.5808359384536743, -0.19299030303955078]",124.33265686035156,"[[0.889104962348938, 0.30704784393310547, -0.34598708152770996, -0.4508622884750366, 0.12415552139282227, -0.35054993629455566, -0.2103879451751709, 0.09949219226837158, 0.3212927579879761, -0.10098373889923096]]",10
167,188,699.0254516601562,"[0.8125033378601074, -0.7626543045043945, -0.23676609992980957, 0.12584006786346436, -0.6913319826126099, 0.10721457004547119, -0.9061970710754395, 0.8959560394287109, -0.8046704530715942, 0.8968356847763062]",124.33265686035156,"[[0.889104962348938, 0.30704784393310547, -0.34598708152770996, -0.4508622884750366, 0.12415552139282227, -0.35054993629455566, -0.2103879451751709, 0.09949219226837158, 0.3212927579879761, -0.10098373889923096]]",10
168,189,276.94915771484375,"[-0.2952232360839844, -0.7479032278060913, 0.2588304281234741, -0.912211537361145, 0.1057661771774292, -0.2153257131576538, 0.22161173820495605, -0.0843510627746582, 0.11712336540222168, -0.4819633960723877]",124.33265686035156,"[[0.889104962348938, 0.30704784393310547, -0.34598708152770996, -0.4508622884750366, 0.12415552139282227, -0.35054993629455566, -0.2103879451751709, 0.09949219226837158, 0.3212927579879761, -0.10098373889923096]]",10
169,190,545.329833984375,"[-0.21248912811279297, -0.2119150161743164, 0.9384219646453857, -0.2803705930709839, 0.7025808095932007, -0.9353716373443604, 0.7800825834274292, -0.1407221555709839, -0.03658914566040039, 0.35829949378967285]",124.33265686035156,"[[0.889104962348938, 0.30704784393310547, -0.34598708152770996, -0.4508622884750366, 0.12415552139282227, -0.35054993629455566, -0.2103879451751709, 0.09949219226837158, 0.3212927579879761, -0.10098373889923096]]",10
170,191,669.8417358398438,"[0.8970715999603271, 0.21838223934173584, -0.9363992214202881, -0.6331514120101929, 0.6828198432922363, 0.1786254644393921, -0.10798013210296631, 0.7874010801315308, -0.4633030891418457, -0.8035808801651001]",124.33265686035156,"[[0.889104962348938, 0.30704784393310547, -0.34598708152770996, -0.4508622884750366, 0.12415552139282227, -0.35054993629455566, -0.2103879451751709, 0.09949219226837158, 0.3212927579879761, -0.10098373889923096]]",10
171,192,309.90411376953125,"[0.7260103225708008, 0.18527567386627197, -0.5471025705337524, 0.3032529354095459, 0.8145871162414551, -0.35258567333221436, -0.285571813583374, 0.9078954458236694, 0.6142429113388062, 0.02845942974090576]",124.33265686035156,"[[0.889104962348938, 0.30704784393310547, -0.34598708152770996, -0.4508622884750366, 0.12415552139282227, -0.35054993629455566, -0.2103879451751709, 0.09949219226837158, 0.3212927579879761, -0.10098373889923096]]",10
172,193,280.5656433105469,"[0.44292140007019043, 0.7584631443023682, 0.4219670295715332, -0.2434861660003662, -0.5953289270401001, -0.3823662996292114, -0.005475521087646484, -0.6844836473464966, 0.6478873491287231, -0.40878963470458984]",124.33265686035156,"[[0.889104962348938, 0.30704784393310547, -0.34598708152770996, -0.4508622884750366, 0.12415552139282227, -0.35054993629455566, -0.2103879451751709, 0.09949219226837158, 0.3212927579879761, -0.10098373889923096]]",10
173,194,488.8159484863281,"[-0.9092440605163574, 0.09933662414550781, -0.8778440952301025, -0.028954267501831055, 0.47422194480895996, 0.266834020614624, 0.745725154876709, -0.49341249465942383, -0.6815096139907837, 0.08512592315673828]",124.33265686035156,"[[0.889104962348938, 0.30704784393310547, -0.34598708152770996, -0.4508622884750366, 0.12415552139282227, -0.35054993629455566, -0.2103879451751709, 0.09949219226837158, 0.3212927579879761, -0.10098373889923096]]",10
174,195,338.6880187988281,"[0.3101707696914673, -0.34781479835510254, 0.8396091461181641, 0.019662857055664062, 0.2101891040802002, 0.852573037147522, 0.01707303524017334, 0.29227960109710693, -0.795390248298645, 0.39812755584716797]",124.33265686035156,"[[0.889104962348938, 0.30704784393310547, -0.34598708152770996, -0.4508622884750366, 0.12415552139282227, -0.35054993629455566, -0.2103879451751709, 0.09949219226837158, 0.3212927579879761, -0.10098373889923096]]",10
175,196,812.4638671875,"[-0.8413330316543579, 0.8021681308746338, -0.5027259588241577, -0.9453964233398438, -0.6401824951171875, -0.8360493183135986, -0.31367313861846924, 0.3326071500778198, -0.14091789722442627, 0.3769007921218872]",124.33265686035156,"[[0.889104962348938, 0.30704784393310547, -0.34598708152770996, -0.4508622884750366, 0.12415552139282227, -0.35054993629455566, -0.2103879451751709, 0.09949219226837158, 0.3212927579879761, -0.10098373889923096]]",10
176,197,376.7484436035156,"[0.983730673789978, -0.2586495876312256, 0.28229212760925293, -0.140525221824646, -0.014442205429077148, 0.4229457378387451, 0.9705498218536377, -0.09397566318511963, -0.2229456901550293, -0.3509204387664795]",124.33265686035156,"[[0.889104962348938, 0.30704784393310547, -0.34598708152770996, -0.4508622884750366, 0.12415552139282227, -0.35054993629455566, -0.2103879451751709, 0.09949219226837158, 0.3212927579879761, -0.10098373889923096]]",10
177,198,677.37255859375,"[-0.8165360689163208, -0.6075353622436523, -0.8026235103607178, 0.38685858249664307, 0.26323556900024414, 0.8584458827972412, -0.47035443782806396, 0.3618285655975342, 0.5099226236343384, -0.89111328125]",124.33265686035156,"[[0.889104962348938, 0.30704784393310547, -0.34598708152770996, -0.4508622884750366, 0.12415552139282227, -0.35054993629455566, -0.2103879451751709, 0.09949219226837158, 0.3212927579879761, -0.10098373889923096]]",10
178,199,235.19967651367188,"[0.1885920763015747, 0.15710866451263428, -0.3766275644302368, 0.9840176105499268, 0.4389059543609619, -0.5273529291152954, 0.7456967830657959, 0.07847356796264648, 0.3169366121292114, 0.3287382125854492]",124.33265686035156,"[[0.889104962348938, 0.30704784393310547, -0.34598708152770996, -0.4508622884750366, 0.12415552139282227, -0.35054993629455566, -0.2103879451751709, 0.09949219226837158, 0.3212927579879761, -0.10098373889923096]]",10
179,200,227.67108154296875,"[-0.06503331661224365, 0.6934802532196045, 0.24020397663116455, 0.6206099987030029, -0.2314380407333374, -0.28763067722320557, -0.12202632427215576, -0.6317163705825806, 0.9588924646377563, 0.6615806818008423]",124.33265686035156,"[[0.889104962348938, 0.30704784393310547, -0.34598708152770996, -0.4508622884750366, 0.12415552139282227, -0.35054993629455566, -0.2103879451751709, 0.09949219226837158, 0.3212927579879761, -0.10098373889923096]]",10
180,201,836.6494750976562,"[-0.6259193420410156, -0.8909810781478882, -0.44016802310943604, 0.9437781572341919, -0.412373423576355, 0.7612961530685425, -0.5284801721572876, 0.4869281053543091, -0.3858487606048584, -0.7346178293228149]",124.33265686035156,"[[0.889104962348938, 0.30704784393310547, -0.34598708152770996, -0.4508622884750366, 0.12415552139282227, -0.35054993629455566, -0.2103879451751709, 0.09949219226837158, 0.3212927579879761, -0.10098373889923096]]",10
181,202,768.2344360351562,"[0.833824634552002, -0.6621984243392944, -0.6540939807891846, 0.33583617210388184, -0.03866374492645264, -0.9784594774246216, -0.7719857692718506, 0.6287463903427124, -0.059361815452575684, -0.5460025072097778]",124.33265686035156,"[[0.889104962348938, 0.30704784393310547, -0.34598708152770996, -0.4508622884750366, 0.12415552139282227, -0.35054993629455566, -0.2103879451751709, 0.09949219226837158, 0.3212927579879761, -0.10098373889923096]]",10
182,203,766.0120849609375,"[0.9539535045623779, 0.560879111289978, 0.0924156904220581, 0.20657670497894287, 0.8911349773406982, -0.957007884979248, -0.8748807907104492, 0.42217016220092773, 0.08780562877655029, 0.48628389835357666]",124.33265686035156,"[[0.889104962348938, 0.30704784393310547, -0.34598708152770996, -0.4508622884750366, 0.12415552139282227, -0.35054993629455566, -0.2103879451751709, 0.09949219226837158, 0.3212927579879761, -0.10098373889923096]]",10
183,204,135.58734130859375,"[0.5778977870941162, 0.781227707862854, 0.05250144004821777, -0.06435883045196533, -0.25615251064300537, 0.6302653551101685, 0.2146458625793457, -0.12415421009063721, -0.39033210277557373, -0.23340046405792236]",124.33265686035156,"[[0.889104962348938, 0.30704784393310547, -0.34598708152770996, -0.4508622884750366, 0.12415552139282227, -0.35054993629455566, -0.2103879451751709, 0.09949219226837158, 0.3212927579879761, -0.10098373889923096]]",10
184,205,411.33233642578125,"[-0.9154654741287231, -0.16888606548309326, -0.9673107862472534, 0.05293416976928711, 0.2864100933074951, -0.3062232732772827, -0.2805365324020386, -0.023825526237487793, 0.4448641538619995, -0.5760254859924316]",124.33265686035156,"[[0.889104962348938, 0.30704784393310547, -0.34598708152770996, -0.4508622884750366, 0.12415552139282227, -0.35054993629455566, -0.2103879451751709, 0.09949219226837158, 0.3212927579879761, -0.10098373889923096]]",10
185,206,1024.0537109375,"[-0.28030431270599365, -0.8125697374343872, -0.9289706945419312, -0.33800625801086426, -0.932186484336853, -0.7655571699142456, 0.7927699089050293, 0.3631598949432373, -0.7354475259780884, -0.2583909034729004]",124.33265686035156,"[[0.889104962348938, 0.30704784393310547, -0.34598708152770996, -0.4508622884750366, 0.12415552139282227, -0.35054993629455566, -0.2103879451751709, 0.09949219226837158, 0.3212927579879761, -0.10098373889923096]]",10
186,207,592.157470703125,"[-0.5920746326446533, 0.4681825637817383, -0.6310133934020996, 0.6780970096588135, -0.44830119609832764, -0.7510210275650024, -0.9447027444839478, 0.22023630142211914, 0.6484712362289429, 0.7876278162002563]",124.33265686035156,"[[0.889104962348938, 0.30704784393310547, -0.34598708152770996, -0.4508622884750366, 0.12415552139282227, -0.35054993629455566, -0.2103879451751709, 0.09949219226837158, 0.3212927579879761, -0.10098373889923096]]",10
187,208,311.53289794921875,"[0.9074685573577881, -0.15296173095703125, 0.30930590629577637, 0.2583993673324585, -0.0019549131393432617, -0.4431331157684326, 0.9811608791351318, 0.5206243991851807, -0.0690988302230835, -0.921175479888916]",124.33265686035156,"[[0.889104962348938, 0.30704784393310547, -0.34598708152770996, -0.4508622884750366, 0.12415552139282227, -0.35054993629455566, -0.2103879451751709, 0.09949219226837158, 0.3212927579879761, -0.10098373889923096]]",10
188,209,372.0046691894531,"[0.08200764656066895, 0.9813612699508667, 0.49090707302093506, -0.7015807628631592, -0.27530336380004883, -0.343694806098938, 0.08789682388305664, 0.5881087779998779, -0.21387982368469238, -0.33325672149658203]",124.33265686035156,"[[0.889104962348938, 0.30704784393310547, -0.34598708152770996, -0.4508622884750366, 0.12415552139282227, -0.35054993629455566, -0.2103879451751709, 0.09949219226837158, 0.3212927579879761, -0.10098373889923096]]",10
189,210,417.880615234375,"[-0.6688737869262695, 0.17166972160339355, 0.7658712863922119, -0.3643815517425537, -0.3972588777542114, -0.9467158317565918, 0.06159615516662598, -0.13391542434692383, -0.44719016551971436, -0.0631636381149292]",124.33265686035156,"[[0.889104962348938, 0.30704784393310547, -0.34598708152770996, -0.4508622884750366, 0.12415552139282227, -0.35054993629455566, -0.2103879451751709, 0.09949219226837158, 0.3212927579879761, -0.10098373889923096]]",10
190,211,263.2403259277344,"[0.18664968013763428, -0.7335518598556519, -0.12147736549377441, -0.12541866302490234, 0.4978327751159668, 0.2842170000076294, -0.5920288562774658, -0.05317568778991699, -0.58495032787323, 0.8533397912979126]",124.33265686035156,"[[0.889104962348938, 0.30704784393310547, -0.34598708152770996, -0.4508622884750366, 0.12415552139282227, -0.35054993629455566, -0.2103879451751709, 0.09949219226837158, 0.3212927579879761, -0.10098373889923096]]",10
191,212,458.7539978027344,"[-0.18716275691986084, 0.7990496158599854, -0.10719192028045654, -0.3794142007827759, -0.923272967338562, 0.14788269996643066, 0.7374403476715088, -0.20182228088378906, 0.35065770149230957, 0.7443873882293701]",124.33265686035156,"[[0.889104962348938, 0.30704784393310547, -0.34598708152770996, -0.4508622884750366, 0.12415552139282227, -0.35054993629455566, -0.2103879451751709, 0.09949219226837158, 0.3212927579879761, -0.10098373889923096]]",10
192,213,259.5649108886719,"[0.48005402088165283, -0.21829092502593994, 0.692745566368103, 0.014613866806030273, 0.08815240859985352, 0.23180389404296875, 0.5937724113464355, -0.151092529296875, 0.5346931219100952, -0.6289927959442139]",124.33265686035156,"[[0.889104962348938, 0.30704784393310547, -0.34598708152770996, -0.4508622884750366, 0.12415552139282227, -0.35054993629455566, -0.2103879451751709, 0.09949219226837158, 0.3212927579879761, -0.10098373889923096]]",10
193,214,430.6454772949219,"[-0.2698650360107422, 0.2966700792312622, 0.6977603435516357, -0.36070680618286133, 0.6433215141296387, -0.36272621154785156, 0.7607340812683105, -0.34574735164642334, -0.842667818069458, 0.6080472469329834]",124.33265686035156,"[[0.889104962348938, 0.30704784393310547, -0.34598708152770996, -0.4508622884750366, 0.12415552139282227, -0.35054993629455566, -0.2103879451751709, 0.09949219226837158, 0.3212927579879761, -0.10098373889923096]]",10
194,215,545.4678955078125,"[0.8160597085952759, 0.6784533262252808, -0.812211275100708, -0.5377476215362549, 0.26052796840667725, 0.787399172782898, -0.40340566635131836, -0.6289596557617188, 0.16010057926177979, -0.1644521951675415]",124.33265686035156,"[[0.889104962348938, 0.30704784393310547, -0.34598708152770996, -0.4508622884750366, 0.12415552139282227, -0.35054993629455566, -0.2103879451751709, 0.09949219226837158, 0.3212927579879761, -0.10098373889923096]]",10
195,216,213.1367645263672,"[0.9459882974624634, 0.23128461837768555, 0.2075660228729248, -0.6237024068832397, 0.13766002655029297, 0.6820275783538818, -0.00224459171295166, -0.22610044479370117, 0.2492586374282837, -0.5151081085205078]",124.33265686035156,"[[0.889104962348938, 0.30704784393310547, -0.34598708152770996, -0.4508622884750366, 0.12415552139282227, -0.35054993629455566, -0.2103879451751709, 0.09949219226837158, 0.3212927579879761, -0.10098373889923096]]",10
196,217,344.3412780761719,"[-0.2617596387863159, -0.5918270349502563, -0.4375509023666382, 0.6592592000961304, 0.5814969539642334, -0.24934113025665283, -0.8388479948043823, 0.8214125633239746, -0.048340439796447754, 0.5742266178131104]",124.33265686035156,"[[0.889104962348938, 0.30704784393310547, -0.34598708152770996, -0.4508622884750366, 0.12415552139282227, -0.35054993629455566, -0.2103879451751709, 0.09949219226837158, 0.3212927579879761, -0.10098373889923096]]",10
197,218,193.06434631347656,"[0.17889022827148438, -0.2025822401046753, -0.09137904644012451, 0.8316556215286255, -0.0027741193771362305, -0.48365628719329834, 0.5437577962875366, 0.12014257907867432, 0.5193319320678711, 0.19982588291168213]",124.33265686035156,"[[0.889104962348938, 0.30704784393310547, -0.34598708152770996, -0.4508622884750366, 0.12415552139282227, -0.35054993629455566, -0.2103879451751709, 0.09949219226837158, 0.3212927579879761, -0.10098373889923096]]",10
198,219,145.12493896484375,"[0.8203353881835938, 0.6044884920120239, -0.0918654203414917, 0.16503453254699707, 0.24821388721466064, -0.4056859016418457, 0.4600367546081543, -0.059758663177490234, 0.3219105005264282, -0.6828420162200928]",124.33265686035156,"[[0.889104962348938, 0.30704784393310547, -0.34598708152770996, -0.4508622884750366, 0.12415552139282227, -0.35054993629455566, -0.2103879451751709, 0.09949219226837158, 0.3212927579879761, -0.10098373889923096]]",10
199,220,220.51693725585938,"[0.24520552158355713, 0.29364025592803955, -0.8429616689682007, 0.6718082427978516, 0.2498607635498047, -0.7231485843658447, -0.12020373344421387, -0.28482329845428467, 0.0120774507522583, -0.0214080810546875]",124.33265686035156,"[[0.889104962348938, 0.30704784393310547, -0.34598708152770996, -0.4508622884750366, 0.12415552139282227, -0.35054993629455566, -0.2103879451751709, 0.09949219226837158, 0.3212927579879761, -0.10098373889923096]]",10
